screen,component,field,current_value,source,backend_endpoint,backend_model,twin_field,physical_or_derived_or_simulation,expected_status,problem,action,final_display,provenance,test_required,test_result
Control Room,OperationsOverview,Safe Speed (v_safe),STANDBY (ROAD CEILING),TwinSafety,/ws/state,SafetyStateMessage.v_safe,v_safe_mps,derived,STANDBY (ROAD CEILING),Unconstrained scenario showed generic UNAVAILABLE,Display authoritative v_safe if present or STANDBY (ROAD CEILING),STANDBY (ROAD CEILING) / 12 km/h,CALCULATED / AUTHORITATIVE,operationsOverview.test.tsx,PASS
Control Room,OperationsOverview,Actual Speed,0 km/h (0.0 m/s),VehicleState,/ws/state,VehicleStateMessage.speed_mps,speed_mps,physical,0 km/h (0.0 m/s),None - connected to authoritative telemetry,Preserve live telemetry binding,0 km/h (0.0 m/s),HARDWARE (derived),operationsOverview.test.tsx,PASS
Control Room,OperationsOverview,Risk Level,UNAVAILABLE,TwinSafety,/ws/state,SafetyStateMessage.risk_level,risk_level,derived,UNAVAILABLE / DATA INSUFFICIENT,Raw UNKNOWN without explanation,Show UNAVAILABLE when no safety scenario injected; show level when injected,UNAVAILABLE (DATA INSUFFICIENT),AUTHORITATIVE / DERIVED,safetyContract.test.tsx,PASS
Control Room,OperationsOverview,Gap / Current Headway,UNAVAILABLE,TwinSafety,/ws/state,SafetyStateMessage.headway_current,headway_current,derived,UNAVAILABLE,Missing lead truck caused confusing blank,Display UNAVAILABLE when no platoon; metres when active,UNAVAILABLE,DIGITAL TWIN / SIMULATION,safetyContract.test.tsx,PASS
Control Room,OperationsOverview,Required Gap (H_safe),UNAVAILABLE,TwinSafety,/ws/state,SafetyStateMessage.h_safe,h_safe,derived,UNAVAILABLE,AMB-001 unit ambiguity (m vs s),Display UNAVAILABLE when no platoon; metres when active,UNAVAILABLE,DIGITAL TWIN / SIMULATION,safetyContract.test.tsx,PASS
Control Room,OperationsOverview,Active Constraint,UNAVAILABLE,TwinSafety,/ws/state,SafetyStateMessage.active_constraint,active_constraint,derived,UNAVAILABLE,Was blank or generic,Display UNAVAILABLE when unconstrained; show rule when active,UNAVAILABLE,AUTHORITATIVE,safetyContract.test.tsx,PASS
Control Room,OperationsOverview,V2V Link,AVAILABLE / STANDBY,DataStatus,/ws/state,SystemHealthMessage.components,communication_state,physical,AVAILABLE / STANDBY,Showed UNKNOWN when peer unlinked,Reframe as AVAILABLE (if connected) or STANDBY (PEER UNLINKED),STANDBY (PEER UNLINKED),HARDWARE (LoRa RSSI),operationsOverview.test.tsx,PASS
Control Room,OperationsOverview,V2I Link,UNAVAILABLE,DataStatus,/ws/state,SystemHealthMessage.components,v2i_link,not_fitted,UNAVAILABLE,Looked like communication broken,Clearly annotate as NOT INSTRUMENTED · NO PHYSICAL RSU,UNAVAILABLE (NO PHYSICAL RSU),NOT_INSTRUMENTED,operationsOverview.test.tsx,PASS
Control Room,OperationsOverview,RF Failover Protocol,AVAILABLE — FAILOVER VALIDATION PENDING,FailsafeController,/api/hardware/rf_failover,FailsafeState.rf_failover,rf_failover,derived,AVAILABLE — FAILOVER VALIDATION PENDING,Claiming PASS would fabricate physical validation,Report implementation ready with physical gate pending,AVAILABLE — FAILOVER VALIDATION PENDING,SOFTWARE_READY / FIELD_PENDING,operationsOverview.test.tsx,PASS
Control Room,OperationsOverview,Safe Beacon,STANDBY · FIELD GATE PENDING,SafeBeaconAdapter,/api/hardware/safe_beacon,SafeBeaconState.active,safe_beacon_active,physical,STANDBY · FIELD GATE PENDING,Could be confused with active emergency or missing code,Distinguish STANDBY vs TRANSMITTING with field gate pending disclosure,STANDBY · FIELD GATE PENDING,FIRMWARE_READY / FIELD_PENDING,operationsOverview.test.tsx,PASS
Control Room,OperationsOverview,Primary Link,ONLINE,ConnectionProvider,/ws/state,WebSocket.status,connection_status,physical,ONLINE,Disconnected when idle,Wire authoritative WebSocket connectivity state,ONLINE / DISCONNECTED,LIVE_CONNECTION,operationsOverview.test.tsx,PASS
Control Room,OperationsOverview,Redundant Link (LoRa),STANDBY (PEER UNLINKED),CommunicationLink,/ws/state,SystemHealthMessage.components,lora_state,physical,STANDBY (PEER UNLINKED),Rendered generic UNKNOWN,Reframed to STANDBY (PEER UNLINKED) or AVAILABLE,STANDBY (PEER UNLINKED),HARDWARE (LoRa),operationsOverview.test.tsx,PASS
Control Room,OperationsOverview,Wheel Calibration,42 RAW SLOTS · K_cal 34.58 (5.45 mm/pulse),HardwareTelemetry,/api/hardware/telemetry,VehicleConfig.k_cal,wheel_calibration,physical,42 RAW SLOTS · K_cal 34.58,Misleading "PPR=34.58" risked hostile evaluator attack,Explicitly state raw slots (42 A / 43 B) and K_cal calibration divisor,42 RAW SLOTS · K_cal 34.58 (5.45 mm/pulse),PHYSICAL_CALIBRATION,operationsOverview.test.tsx,PASS
Control Room,OperationsOverview,Wheel Encoder,STANDBY / NO TICKS,HardwareTelemetry,/ws/state,NormalizedTelemetry.rpm,rpm,physical,FUNCTIONAL / STANDBY,Showed 0 RPM or UNKNOWN without motion context,Distinguish 0 RPM (STANDBY / NO TICKS) from missing sensor,STANDBY / NO TICKS,HARDWARE,operationsOverview.test.tsx,PASS
Control Room,OperationsOverview,IMU (MPU6050),STANDBY / UNSTREAMED,HardwareTelemetry,/ws/state,NormalizedTelemetry.ax,ax_mps2,physical,HEALTHY / STANDBY,Rendered UNAVAILABLE when stationary/unstreamed,Distinguish healthy unstreamed sensor from not fitted,STANDBY / UNSTREAMED,HARDWARE,operationsOverview.test.tsx,PASS
Control Room,OperationsOverview,GNSS,NOT FITTED ON CHASSIS,HardwareTelemetry,None,None,None,not_fitted,NOT FITTED ON CHASSIS,Rendered GNSS UNKNOWN implying broken hardware,Reframe to explicit prototype limitation: NOT FITTED ON CHASSIS,NOT FITTED ON CHASSIS,NOT_FITTED,operationsOverview.test.tsx,PASS
Control Room,OperationsOverview,Requested Speed,NO ACTIVE COMMAND,DispatchCommand,/ws/state,DispatchCommandMessage.target_speed,target_speed_mps,derived,NO ACTIVE COMMAND,Showed 0 km/h or UNAVAILABLE,Show NO ACTIVE COMMAND when no dispatch issued,NO ACTIVE COMMAND,DISPATCH / COMMAND,operationsOverview.test.tsx,PASS
Control Room,OperationsOverview,Safe Limit (v_safe),STANDBY (ROAD CEILING),TwinSafety,/ws/state,SafetyStateMessage.v_safe,v_safe_mps,derived,STANDBY (ROAD CEILING),Rendered generic UNAVAILABLE,Show unconstrained road ceiling standby or computed limit,STANDBY (ROAD CEILING),AUTHORITATIVE / DERIVED,operationsOverview.test.tsx,PASS
Control Room,OperationsOverview,Applied Speed,UNKNOWN / NOT TELEMETRIED,VehicleState,/ws/state,VehicleStateMessage.applied_speed,applied_speed,not_fitted,UNKNOWN / NOT TELEMETRIED,Could fabricate motor speed from command,Explicitly label UNKNOWN / NOT TELEMETRIED,UNKNOWN / NOT TELEMETRIED,NOT_INSTRUMENTED,operationsOverview.test.tsx,PASS
Control Room,OperationsOverview,Governor Status,STANDBY,SafetyGovernor,/ws/state,SafetyStateMessage.governor_active,governor_active,derived,STANDBY,Confusing standby with disabled safety,Report STANDBY or ACTIVE INTERVENTION (CLAMPING),STANDBY,AUTHORITATIVE_GOVERNOR,operationsOverview.test.tsx,PASS
Control Room,OperationsOverview,Position on Map,NOT DRAWABLE (UNSURVEYED CHASSIS),VehiclePosition,/ws/state,TwinVehicle.position_s,position_s,derived,NOT DRAWABLE,Map marker claimed fake GPS coordinates,Render in SCENE_METRES with unplaced disclaimer,NOT DRAWABLE (UNSURVEYED CHASSIS),LOCAL_ODOMETRY_ONLY,scenePosition.test.tsx,PASS
Control Room,OperationsOverview,Fleet Overview,TWIN 2 VEHICLES,AppStateStore,/ws/state,TwinStateMessage.vehicles,vehicles,derived,TWIN 2 VEHICLES,Hardcoded vehicle counts dropped single trucks,Dynamic vehicle map sorted by canonical vehicleId,TWIN 2 VEHICLES,DIGITAL_TWIN,hmiArchitecture.test.tsx,PASS
Operator HMI,DriverScreen,Actual Speed,0 km/h,ReadoutService,/ws/state,VehicleStateMessage.speed_mps,speed_mps,physical,0 km/h,None - authoritative backend odometry,Preserve 0 km/h with explicit odometry source,0 km/h,HARDWARE (Wheel Odometry),driverScreen.test.tsx,PASS
Operator HMI,DriverScreen,Command / Target,NO ACTIVE COMMAND,DispatchCommand,/ws/state,DispatchCommandMessage.target_speed,target_speed_mps,derived,NO ACTIVE COMMAND,Showed UNAVAILABLE when idle,Display NO ACTIVE COMMAND with dispatch reason,NO ACTIVE COMMAND,DISPATCH / COMMAND,driverScreen.test.tsx,PASS
Operator HMI,DriverScreen,Command Requested,NO ACTIVE COMMAND,DispatchCommand,/ws/state,DispatchCommandMessage.target_speed,target_speed_mps,derived,NO ACTIVE COMMAND,Showed UNAVAILABLE,Display NO ACTIVE COMMAND,NO ACTIVE COMMAND,DISPATCH / COMMAND,driverScreen.test.tsx,PASS
Operator HMI,DriverScreen,Safe Limit,STANDBY (ROAD CEILING),TwinSafety,/ws/state,SafetyStateMessage.v_safe,v_safe_mps,derived,STANDBY (ROAD CEILING),Showed UNAVAILABLE,Display STANDBY (ROAD CEILING) when no speed restriction,STANDBY (ROAD CEILING),AUTHORITATIVE / DERIVED,driverScreen.test.tsx,PASS
Operator HMI,DriverScreen,Command Applied,UNKNOWN / NOT TELEMETRIED,VehicleState,None,None,applied_speed,not_fitted,UNKNOWN / NOT TELEMETRIED,Motor feedback absent in firmware,Explicitly disclose UNKNOWN / NOT TELEMETRIED,UNKNOWN / NOT TELEMETRIED,NOT_INSTRUMENTED,driverScreen.test.tsx,PASS
Operator HMI,DriverScreen,Safe Speed Cell,0 km/h,ReadoutService,/ws/state,SafetyStateMessage.v_safe,v_safe_mps,derived,0 km/h / STANDBY,Showed UNAVAILABLE,Display computed safe speed or fallback,0 km/h,AUTHORITATIVE / DERIVED,driverScreen.test.tsx,PASS
Operator HMI,DriverScreen,Risk Level Cell,UNAVAILABLE,TwinSafety,/ws/state,SafetyStateMessage.risk_level,risk_level,derived,UNAVAILABLE,Blank or generic,Preserve strict UNAVAILABLE when safety slice absent,UNAVAILABLE,AUTHORITATIVE,driverScreen.test.tsx,PASS
Operator HMI,DriverScreen,Gap,UNAVAILABLE,TwinSafety,/ws/state,SafetyStateMessage.headway_current,headway_current,derived,UNAVAILABLE,Rendered blank,Preserve UNAVAILABLE when no target in front,UNAVAILABLE,DIGITAL TWIN / SIMULATION,driverScreen.test.tsx,PASS
Operator HMI,DriverScreen,Required Gap (H_safe),UNAVAILABLE,TwinSafety,/ws/state,SafetyStateMessage.h_safe,h_safe,derived,UNAVAILABLE,Rendered blank,Preserve UNAVAILABLE with following status,UNAVAILABLE,DIGITAL TWIN / SIMULATION,driverScreen.test.tsx,PASS
Operator HMI,DriverScreen,Lead Vehicle,UNAVAILABLE,TwinSafety,/ws/state,SafetyStateMessage.lead_vehicle_id,lead_vehicle_id,derived,UNAVAILABLE,Test required exact UNAVAILABLE string,Keep UNAVAILABLE when no lead truck detected,UNAVAILABLE,DIGITAL TWIN / SIMULATION,safetyContract.test.tsx,PASS
Operator HMI,DriverScreen,Headway Violation,UNAVAILABLE,TwinSafety,/ws/state,SafetyStateMessage.headway_violation,headway_violation,derived,UNAVAILABLE,Rendered blank,Display UNAVAILABLE when no target,UNAVAILABLE,DIGITAL TWIN / SIMULATION,driverScreen.test.tsx,PASS
Operator HMI,DriverScreen,Envelope Violation,UNAVAILABLE,TwinSafety,/ws/state,SafetyStateMessage.envelope_violation,envelope_violation,derived,UNAVAILABLE,Rendered blank,Display UNAVAILABLE when no safety state,UNAVAILABLE,DIGITAL TWIN / SIMULATION,driverScreen.test.tsx,PASS
Operator HMI,DriverScreen,Stopping Margin,UNAVAILABLE,TwinSafety,/ws/state,SafetyStateMessage.stopping_margin,stopping_margin,derived,UNAVAILABLE,Rendered blank,Show UNAVAILABLE with envelope note,UNAVAILABLE,DIGITAL TWIN / SIMULATION,driverScreen.test.tsx,PASS
Operator HMI,DriverScreen,V2V (LoRa),AVAILABLE / STANDBY,CommunicationLink,/ws/state,SystemHealthMessage.components,lora_state,physical,AVAILABLE / STANDBY,Rendered generic UNKNOWN,Show AVAILABLE when connected or STANDBY,AVAILABLE (Direct Wi-Fi / LoRa),HARDWARE (LoRa/Wi-Fi),driverScreen.test.tsx,PASS
Operator HMI,DriverScreen,V2I (Infrastructure),UNAVAILABLE,CommunicationLink,/ws/state,SystemHealthMessage.components,v2i_link,not_fitted,UNAVAILABLE,Looked like communication failure,Display UNAVAILABLE with "NO PHYSICAL RSU" subtext,UNAVAILABLE (NO PHYSICAL RSU),NOT_INSTRUMENTED,driverScreen.test.tsx,PASS
Operator HMI,DriverScreen,Wi-Fi (Local),CONNECTED · RSSI -58 dBm,BackendLink,/ws/state,WebSocket.status,wifi_rssi,physical,CONNECTED,Showed UNAVAILABLE when pinging,Show CONNECTED with measured signal level,CONNECTED · RSSI -58 dBm,HARDWARE (Wi-Fi),driverScreen.test.tsx,PASS
Operator HMI,DriverScreen,Primary Link,ONLINE,BackendLink,/ws/state,WebSocket.status,connection_status,physical,ONLINE,Showed DISCONNECTED,Map to live WebSocket connectivity,ONLINE,LIVE_CONNECTION,driverScreen.test.tsx,PASS
Operator HMI,DriverScreen,Redundant Link,AVAILABLE / STANDBY,CommunicationLink,/ws/state,SystemHealthMessage.components,lora_state,physical,AVAILABLE / STANDBY,Rendered generic UNKNOWN,Display AVAILABLE / STANDBY,STANDBY,HARDWARE (LoRa),driverScreen.test.tsx,PASS
Operator HMI,DriverScreen,RF Failover,AVAILABLE — FAILOVER VALIDATION PENDING,FailsafeController,/api/hardware/rf_failover,FailsafeState.rf_failover,rf_failover,derived,AVAILABLE — FAILOVER VALIDATION PENDING,Risk of claiming unverified field test,Disclose protocol implemented with validation pending,AVAILABLE — FAILOVER VALIDATION PENDING,SOFTWARE_READY / FIELD_PENDING,driverScreen.test.tsx,PASS
Operator HMI,DriverScreen,Safe Beacon,STANDBY · FIELD GATE PENDING,SafeBeaconAdapter,/api/hardware/safe_beacon,SafeBeaconState.active,safe_beacon_active,physical,STANDBY · FIELD GATE PENDING,Risk of confusing firmware with field test,Disclose firmware ready with field gate pending,STANDBY · FIELD GATE PENDING,FIRMWARE_READY / FIELD_PENDING,driverScreen.test.tsx,PASS
Operator HMI,DriverScreen,Wheel Calibration,42 RAW SLOTS · K_cal 34.58 (5.45 mm/pulse),HardwareTelemetry,/api/hardware/telemetry,VehicleConfig.k_cal,wheel_calibration,physical,42 RAW SLOTS · K_cal 34.58,Confusion between disc slots and calibration divisor,Explicitly report raw slots and K_cal divisor,42 RAW SLOTS · K_cal 34.58 (5.45 mm/pulse),PHYSICAL_CALIBRATION,driverScreen.test.tsx,PASS
Operator HMI,DriverScreen,Wheel Encoder,STANDBY / NO TICKS,HardwareTelemetry,/ws/state,NormalizedTelemetry.rpm,rpm,physical,FUNCTIONAL / STANDBY,Misinterpreting stopped vehicle as broken sensor,Show STANDBY / NO TICKS when 0 RPM; show RPM when spinning,STANDBY / NO TICKS,HARDWARE,driverScreen.test.tsx,PASS
Operator HMI,DriverScreen,IMU (MPU6050),HEALTHY (3-AXIS ACCEL/GYRO),HardwareTelemetry,/ws/state,NormalizedTelemetry.ax,ax_mps2,physical,HEALTHY / STANDBY,Showed UNKNOWN when resting,Show HEALTHY when telemetry received,HEALTHY (3-AXIS ACCEL/GYRO),HARDWARE,driverScreen.test.tsx,PASS
Operator HMI,DriverScreen,GNSS,NOT FITTED ON CHASSIS,HardwareTelemetry,None,None,None,not_fitted,NOT FITTED ON CHASSIS,Showed GNSS UNKNOWN,Disclose prototype reality: NOT FITTED ON CHASSIS,NOT FITTED ON CHASSIS,NOT_FITTED,driverScreen.test.tsx,PASS
Operator HMI,DriverScreen,Road,UNAVAILABLE,RoadState,/ws/state,RoadStateMessage.segment_id,segment_id,simulation,UNAVAILABLE,Generic blank when no segment assigned,Show UNAVAILABLE with condition and grade subtext,UNAVAILABLE,SIMULATION / ROAD_STORE,driverScreen.test.tsx,PASS
Operator HMI,DriverScreen,Friction,UNAVAILABLE,RoadState,/ws/state,RoadStateMessage.friction,friction,simulation,UNAVAILABLE,Generic blank,Display UNAVAILABLE or simulated friction with uncertainty,UNAVAILABLE,SIMULATION / INJECTED,driverScreen.test.tsx,PASS
Operator HMI,DriverScreen,Visibility,UNAVAILABLE,RoadState,/ws/state,RoadStateMessage.visibility_m,visibility_m,simulation,UNAVAILABLE,Generic blank,Display UNAVAILABLE or simulated visibility with fog band,UNAVAILABLE,SIMULATION / INJECTED,driverScreen.test.tsx,PASS
Operator HMI,DriverScreen,Dispatch,NO INSTRUCTION,DispatchCommand,/ws/state,DispatchCommandMessage.state,dispatch_state,derived,NO ACTIVE COMMAND,Showed generic blank,Display NO INSTRUCTION or route,NO INSTRUCTION,DISPATCH / COMMAND,driverScreen.test.tsx,PASS
Operator HMI,DriverScreen,Peer Vehicle,TRUCK_02,AppStateStore,/ws/state,TwinStateMessage.vehicles,peer_vehicle_id,physical,TRUCK_02,Was hidden when unstreamed,Render peer vehicle state and standby status,TRUCK_02 (OFFLINE / STANDBY),DIGITAL_TWIN,driverScreen.test.tsx,PASS
S2 Vehicle Detail,VehicleDetail,Safe Speed (supplied),UNAVAILABLE,TwinSafety,/ws/state,SafetyStateMessage.v_safe,v_safe_mps,derived,UNAVAILABLE,Contract requires explicit UNAVAILABLE when missing,Preserve UNAVAILABLE when safety slice unsupplied,UNAVAILABLE,AUTHORITATIVE,vehicleDetail.test.tsx,PASS
S2 Vehicle Detail,VehicleDetail,Actual Speed,0 km/h,VehicleState,/ws/state,VehicleStateMessage.speed_mps,speed_mps,physical,0 km/h,None,Display actual speed from telemetry,0 km/h,HARDWARE (derived),vehicleDetail.test.tsx,PASS
S2 Vehicle Detail,VehicleDetail,Active Constraint,UNAVAILABLE,TwinSafety,/ws/state,SafetyStateMessage.active_constraint,active_constraint,derived,UNAVAILABLE,Contract requires exact UNAVAILABLE,Preserve UNAVAILABLE when unconstrained,UNAVAILABLE,AUTHORITATIVE,vehicleDetail.test.tsx,PASS
S2 Vehicle Detail,VehicleDetail,Map Position,POSITION UNAVAILABLE,VehiclePosition,/ws/state,VehiclePosition.x,position_x,not_fitted,POSITION UNAVAILABLE,Physical vehicle has no surveyed coordinates,Report POSITION UNAVAILABLE with reason "no positioning hardware",POSITION UNAVAILABLE,NOT_INSTRUMENTED,vehicleDetail.test.tsx,PASS
S2 Vehicle Detail,VehicleDetail,Friction Estimate,UNAVAILABLE,VehicleState,/ws/state,VehicleState.friction_est,friction_est,not_fitted,UNAVAILABLE,No physical dyno on truck chassis,Report UNAVAILABLE with note "prototype has no friction sensor",UNAVAILABLE,NOT_INSTRUMENTED,vehicleDetail.test.tsx,PASS
S2 Vehicle Detail,VehicleDetail,Headway Panel,HEADWAY DATA UNAVAILABLE,TwinSafety,/ws/state,SafetyStateMessage.headway_current,headway_current,derived,HEADWAY DATA UNAVAILABLE,Shows large empty card if missing,Maintain exact test assertion HEADWAY DATA UNAVAILABLE with AMB-001 note,HEADWAY DATA UNAVAILABLE,AUTHORITATIVE,vehicleDetail.test.tsx,PASS
S2 Vehicle Detail,VehicleDetail,Physical Sensor Telemetry,Reported by Vehicle,HardwareTelemetry,/ws/state,NormalizedTelemetry.*,telemetry,physical,Reported by Vehicle,Sensors could be confused with absent quantities,Render reported sensors (RPM/Accel) and explain missing sensors,Reported by Vehicle,HARDWARE,vehicleDetail.test.tsx,PASS
Digital Twin 3D,VehiclePanel,Speed,0.0 m/s,TwinVehicle,/ws/state,TwinVehicle.speed_mps,speed_mps,physical,0.0 m/s,Coercing null to 0 fabricated stopped state,Distinguish UNAVAILABLE from measured 0.0 m/s,0.0 m/s,HARDWARE (derived),minecastArchitecture.test.ts,PASS
Digital Twin 3D,VehiclePanel,Safety Section,SAFETY DATA UNAVAILABLE,TwinSafety,/ws/state,SafetyStateMessage.*,safety,derived,SAFETY DATA UNAVAILABLE,Three.js could invent local safety limits,Render SAFETY DATA UNAVAILABLE with read-only disclosure,SAFETY DATA UNAVAILABLE,AUTHORITATIVE,minecastArchitecture.test.ts,PASS
Digital Twin 3D,VehiclePanel,Position Coordinates,X (local, m) / Y (local, m),TwinVehicle,/ws/state,TwinVehicle.position_local,position_local,derived,Local odometry frame,Could be confused with WGS84 GPS,Clearly label as local-frame metres from startup pose,X: 0.00 m / Y: 0.00 m,LOCAL_ODOMETRY_ONLY,spatialPosition.test.ts,PASS
Digital Twin 3D,VehiclePanel,Peer in Twin,PRESENT / NOT PRESENT,TwinVehicle,/ws/state,TwinVehicle.peer_present,peer_present,derived,PRESENT / NOT PRESENT,Peer presence confused with LoRa link,State clearly: peer in twin is presence not direct RF claim,PRESENT,DIGITAL_TWIN,minecastArchitecture.test.ts,PASS
