Claim_ID,Claim,Evidence_Type,Evidence_Level,Scope,Allowed_Wording,Forbidden_Wording
CLM-01,Hazardous Ramp Waiting Reduction,SIMULATION,CLASS_C,"20 matched seeds, 7200s horizon, 6 trucks, -8% grade",Hazardous queue waiting on the -8% fog ramp was reduced by 77.36% (625.4s to 141.6s) via proactive staging.,77% improvement in overall mine safety / eliminated all truck waiting / proved real mine safety.
CLM-02,Modeled Delivered Throughput,SIMULATION,CLASS_C,"2-hour shift simulation, 12m fog, single 1647 TPH crusher",Modeled delivered throughput increased to 1591.4 TPH (+35.88% relative to L0 unmanaged; +27.46% relative to L1 safety baseline).,Actual mine production increased by 36% / throughput was doubled / sustained 3294 TPH / real-world empirical proof.
CLM-03,Command-Path Latency,HIL,CLASS_B,ESP32 TWAI CAN bus + HIL simulated actuator model,HIL command-path latency was characterized at 216.05 ms median under the configured actuator model.,Physical vehicle braking response is 216 ms / truck stops in 216 ms / physical braking proven.
CLM-04,RF Communication Reliability,PHYSICAL_BENCH,CLASS_A,Dual ESP32 SX1278 LoRa bench testbed over 150m outdoor LOS,99.1% packet delivery ratio was measured in the specified SX1278 150m outdoor LOS bench test.,99.1% reliable mine-wide communication / wireless operates through rock and iron ore / pit-wide reliability.
CLM-05,Safety Invariant Adherence,SIMULATION,CLASS_C,"10,000 Monte Carlo randomized parameter vectors (mass, grade, friction, vis, delay)",Zero violations of the defined safety invariant were observed across the 10,000 modeled Monte Carlo scenarios.,Guarantees real-world safety / guarantees collision avoidance / zero collision risk / 100% collision-free / mathematically proven collision-free.
CLM-06,CAN / TWAI Bus Protocol,PHYSICAL_BENCH,CLASS_A,ESP32 TWAI peripheral with 6 project-defined J1939-style PGNs,Validated project-defined J1939-style HIL frames over ESP32 TWAI at 250 kbps.,BH100 J1939 factory integration certified / OEM engine ECU directly controlled / Cummins factory access.
CLM-07,Blindout Safety Stop,ANALYTICAL,CLASS_D,Deterministic quadratic stopping root where R_effective <= S_base (5m),Vehicles are commanded to a controlled halt (v_safe = 0.0 m/s) when sightline drops to 5m or below.,System maintains high-speed autonomous haulage through zero-visibility fog / proved complete blindout navigation.
CLM-08,Safe Beacon Fail-Safe,HIL,CLASS_B,Communication failover state machine across 4 network tiers,Total communication failure triggers local safe defensive crawl with 2x headway expansion while governor remains authoritative.,Comms loss causes truck to disappear / comms loss crashes fleet / comms loss permits runaway.
CLM-09,Road Capacity Kinematic Flux,ANALYTICAL,CLASS_D,Kinematic pipe flow formulation C_road = 3600 * v / H,Theoretical kinematic road flow is 817.8 VPH under emergency deceleration and 587.2 VPH under service deceleration.,Road capacity is 817.8 TPH / road flow equals delivered mine production.
CLM-10,Primary Crusher Service Ceiling,ANALYTICAL,CLASS_D,200s single gyratory pocket tipping cycle on 91.5t payload,Modeled crusher service ceiling is 1647.0 TPH for a single gyratory pocket.,Mine sustained 3294 TPH / crusher throughput exceeded 1647 TPH continuously.
CLM-11,Statistical Hypothesis Testing,SIMULATION,CLASS_C,"20 matched seeds, paired t-test and Wilcoxon signed-rank",Under the defined matched-seed simulation experiment the observed difference between L1 and L4 was statistically significant.,H0 REJECTED / H1 CONFIRMED EXPERIMENTALLY / real-world experimental confirmation.
CLM-12,Integrated System Architecture,HIL_SIM_BENCH,CLASS_A_B_C_D,Integrated closed-loop prototype across all 6 layers,FOG-ORCHESTRATOR 2.0 demonstrates an integrated architecture that explicitly couples visibility-aware vehicle physics safe speed/headway road capacity queue propagation prediction and proactive fleet orchestration while preserving local vehicle safety authority.,First system in the world / first-of-its-kind / first experimentally demonstrated system / no existing system.
