Contradiction_ID,Parameter_Or_Metric,Old_Value,New_Canonical_Value,Source_Of_Discrepancy,Why_Changed,Final_Canonical_Status
CONT-01,Safe Speed in 12m Fog,5.1158 / 5.256 / 4.3815 m/s,5.12 m/s (18.4 km/h),Different latency assumptions (0.8s vs 0.4371s) and decimal truncation,Standardized on 0.4371s P99 latency budget and a_dec = 2.7856 m/s^2,RESOLVED_CANONICAL
CONT-02,Emergency Deceleration,2.7466 m/s^2,2.7856 m/s^2,"Legacy model used Crr=0.02, g=9.81, mass=165.0t; canonical uses Crr=0.025, g=9.80665, mass=165.5t",Derived from authoritative force balance with BEML BH100 tare+payload mass,RESOLVED_CANONICAL
CONT-03,Service Deceleration,2.7466 m/s^2 (used for both),1.20 m/s^2,Early phases conflated emergency full braking with comfortable service braking,Separated emergency stopping limit from comfortable service deceleration assumption,RESOLVED_CANONICAL
CONT-04,BEML BH100 Gross Mass,"165,000 kg","165,500 kg",Generic 165t round number vs BEML brochure (74.0 t tare + 91.5 t rated payload),"Adopted exact OEM rated gross vehicle weight of 165,500 kg",RESOLVED_CANONICAL
CONT-05,BEML BH100 Rated Payload,"91,000 kg","91,500 kg (91.5 tonnes)",Informal rounding in early documentation,Locked to official BEML BH100 spec sheet (91.5 metric tonnes nominal),RESOLVED_CANONICAL
CONT-06,Space Headway in Fog,17.52 m,22.52 m,Early calculation omitted vehicle body length (S_stop 7.0m + S_base 5.0m + 5.5m bumper),Corrected to full formula: H = S_stop (6.99m) + S_base (5.0m) + L_truck (10.525m) = 22.52m,RESOLVED_CANONICAL
CONT-07,Road Capacity Kinematic Flux,700.5 VPH,817.8 VPH (emergency) / 587.2 VPH (service),Calculated using legacy 4.38 m/s speed vs canonical 5.12 m/s and service 3.61 m/s,Classified as theoretical kinematic flux: C = 3600*v/H; explicitly decoupled from mine TPH,RESOLVED_CANONICAL
CONT-08,Peak Mine Throughput,3294.0 TPH / 2745.0 TPH,1591.4 TPH steady-state (1647 TPH ceiling),10-minute flush transient (6 trucks pre-dumped in 10 min = 3294 TPH) mislabeled as sustained,Retracted transient burst; locked steady-state throughput to 1591.4 TPH across 2-hour shift,RESOLVED_CANONICAL
CONT-09,Hazardous Ramp Waiting Reduction,77.4% vs 77.36%,77.36% (from 625.4s to 141.6s),Rounding discrepancy between presentation slides and raw CSV output,Locked to 77.36% (or 77.4% rounded); noted waiting relocation to flat staging bay (+401.0s),RESOLVED_CANONICAL
CONT-10,End-to-End Latency Claim,216.05 ms vs 437.1 ms vs 475 ms,216.05 ms HIL command / 437.1 ms budget,Conflating measured electronic command path (216 ms) with worst-case safety budget (437 ms),"Decomposed: T_physical_measured = 13.8 ms, T_modelled = 202.2 ms, T_budget = 437.1 ms",RESOLVED_CANONICAL
CONT-11,LoRa PDR vs Fault Loss,99.1% PDR vs 75% packet loss injection,99.1% baseline bench PDR / 75% fault tolerance,Reported 99.1% physical bench PDR in one section and 75% synthetic loss tolerance in another,Clarified: 99.1% is clean bench baseline; 75% is an injected fault scenario survived without violation,RESOLVED_CANONICAL
CONT-12,Blindout Stopping Behavior,Slow crawl vs complete halt,0.0 m/s (Complete Controlled Halt),Early code permitted crawl at 3-5m visibility,"Audited quadratic root: R_eff <= S_base (5m) leaves zero stopping margin, forcing v_safe = 0.0 m/s",RESOLVED_CANONICAL
CONT-13,L0 Ramp Waiting Time,894.2 s,860.2 s nominal / 859.4 s realized,Reporting error in response summary confusing total trip wait with ramp queue wait,Authoritative executable benchmark defines base_ramp_q = 860.2 s (realized mean 859.4 +/- 16.3 s),RESOLVED_CANONICAL
CONT-14,L1 Peak Queue on Ramp,4.5 trucks,5.8 trucks nominal / 5.8 trucks realized,Reporting error transcribing transient onset queue instead of peak queue,Authoritative executable benchmark defines base_pk_q = 5.8 trucks (realized mean 5.8 +/- 0.3 trucks),RESOLVED_CANONICAL
CONT-15,L1 Bottleneck Duration,1420 s,2400.0 s nominal / 2413.0 s realized,Reporting error conflating an unrelated packet sequence id with bottleneck duration,Authoritative executable benchmark defines base_bn_dur = 2400.0 s (realized mean 2413.0 +/- 48.2 s),RESOLVED_CANONICAL
CONT-16,Nominal Haul Road Friction,Dry surface label (mu=0.35),Conservative low-friction engineering assumption (mu=0.35),Misleading dry asphalt analogy (where dry is 0.7-0.8) applied to mine haul road,Harmonized all docs to conservative low-friction engineering assumption for compacted rock,RESOLVED_CANONICAL
