scenario_id,description,category,visibility_m,grade_pct,friction_mu,safety_action,applied_speed_mps,safety_invariant_preserved,evaluation_result,evidence_level
S01,Clear weather baseline,ENVIRONMENT,100.0,0.0,0.35,NORMAL,11.11,True,PASS,L6_MODELED
S02,Moderate fog (50m),ENVIRONMENT,50.0,0.0,0.35,NORMAL,11.11,True,PASS,L6_MODELED
S03,Severe fog (25m),ENVIRONMENT,25.0,0.0,0.35,RESTRICTED,8.35,True,PASS,L6_MODELED
S04,Dense fog (12m),ENVIRONMENT,12.0,0.0,0.35,RESTRICTED,5.12,True,PASS,L6_MODELED
S05,Fog onset transient,ENVIRONMENT,15.0,0.0,0.35,TRANSITION,5.75,True,PASS,L6_MODELED
S06,Fog recovery clearing,ENVIRONMENT,60.0,0.0,0.35,RECOVERY,11.11,True,PASS,L6_MODELED
S07,Uphill +8% grade haul,KINEMATICS,25.0,8.0,0.35,GRADE_SAFE,8.35,True,PASS,L6_MODELED
S08,Downhill -8% loaded ramp,KINEMATICS,12.0,-8.0,0.35,RETARDER_SAFE,4.38,True,PASS,L6_MODELED
S09,Wet low-friction mud (mu=0.15),SURFACE,20.0,0.0,0.15,ADHESION_LIMIT,2.85,True,PASS,L6_MODELED
S10,Heavy overload (185.5 t GVM),PAYLOAD,20.0,-8.0,0.35,MASS_DERATED,3.95,True,PASS,L6_MODELED
S11,Unladen tare (74.0 t),PAYLOAD,20.0,0.0,0.35,LIGHT_NORMAL,7.2,True,PASS,L6_MODELED
S12,Narrow single-lane road conflict,INFRASTRUCTURE,20.0,0.0,0.35,VIRTUAL_SLOT,4.0,True,PASS,L6_MODELED
S13,Switchback hairpin arbitration,INFRASTRUCTURE,15.0,-8.0,0.35,SWITCHBACK_HOLD,0.0,True,PASS,L6_MODELED
S14,Primary crusher pocket bottleneck,INFRASTRUCTURE,25.0,0.0,0.35,ORIGIN_STAGED,0.0,True,PASS,L6_MODELED
S15,LoRa Gateway dropout,COMMUNICATION,20.0,0.0,0.35,V2V_FALLBACK,5.0,True,PASS,L7_BENCH_MEASURED
S16,V2V communication loss,COMMUNICATION,20.0,0.0,0.35,GATEWAY_ONLY,5.0,True,PASS,L7_BENCH_MEASURED
S17,Total RF silence,COMMUNICATION,20.0,0.0,0.35,LOCAL_GOVERNOR,3.6,True,PASS,L7_BENCH_MEASURED
S18,Sensor frozen analog value,SENSOR,20.0,0.0,0.35,FRESHNESS_FAIL,0.0,True,PARTIAL,L7_BENCH_MEASURED
S19,Actuator delay 300 ms,ACTUATOR,20.0,0.0,0.35,DELAY_COMPENSATED,4.8,True,PASS,L6_MODELED
S20,Actuator mechanical non-response,ACTUATOR,20.0,0.0,0.35,FEEDBACK_TIMEOUT,0.0,True,PASS_WITH_LIMITATIONS,L6_MODELED
S21,CAN bus 20% frame loss,CAN_TWAI,20.0,0.0,0.35,LOSS_TOLERANT,5.0,True,PASS,L7_BENCH_MEASURED
S22,Replay command injection,SECURITY,20.0,0.0,0.35,REPLAY_REJECTED,5.0,True,PASS,L7_BENCH_MEASURED
S23,Duplicate sequence injection,CAN_TWAI,20.0,0.0,0.35,DUPLICATE_DROPPED,5.0,True,PASS,L7_BENCH_MEASURED
S24,Out-of-order sequence packet,CAN_TWAI,20.0,0.0,0.35,ORDER_RESTORED,5.0,True,PASS,L7_BENCH_MEASURED
S25,Multi-truck queue congestion,ORCHESTRATION,20.0,-8.0,0.35,METERED_SLOT,3.5,True,PASS,L9_SIMULATION
S26,Dense fog + queue formation,ORCHESTRATION,12.0,-8.0,0.35,DYNAMIC_HOLD,0.0,True,PASS,L9_SIMULATION
S27,Fog + total comm failure,COMPOUND,12.0,-8.0,0.35,LOCAL_SAFE_DEFENSIVE,3.6,True,PASS,L9_SIMULATION
S28,Fog + narrow switchback conflict,COMPOUND,12.0,-8.0,0.35,VIRTUAL_SLOT_HOLD,0.0,True,PASS,L9_SIMULATION
S29,Fog clearing + queue surge,RECOVERY,40.0,-8.0,0.35,METERED_DISCHARGE,6.5,True,PASS,L9_SIMULATION
S30,Full end-to-end closed-loop scenario,SYSTEM_E2E,12.0,-8.0,0.35,FULL_ORCHESTRATION,5.12,True,PASS,L9_SIMULATION
