Component,Physical_Measured,Simulated,HIL,Analytical,Evidence_Level,Hardware_Tested,Test_Setup,Known_Limitation
ESP32 Microcontroller,YES,NO,YES,NO,L7_BENCH_MEASURED,ESP32-WROOM-32D (Dual Core 240MHz),Bench testbed running FreeRTOS dual-task firmware,"Bench environment; mine vibration, thermal cycling, and IP67 enclosure unverified"
LoRa SX1278 Transceiver,YES,NO,YES,NO,L7_BENCH_MEASURED,Ai-Thinker Ra-02 (SX1278 433MHz),Dual ESP32 nodes over 150m outdoor LOS bench test,LOS outdoor open terrain; open-pit hematite dust attenuation and pit multipath uncharacterized
V2V Protocol (STATE format),YES,NO,YES,NO,L7_BENCH_MEASURED,ESP32 + Ra-02 LoRa / WiFi broadcast,Peer-to-peer cyclic state broadcasts at 10 Hz,Tested with 2 physical nodes; scalable mesh contention (>10 nodes) modeled in simulation
Gateway Coordination,YES,NO,YES,NO,L7_BENCH_MEASURED,ESP32 LoRa-to-UDP Gateway bridge,Gateway bench node relaying packets to orchestrator,Tested on bench LAN; open-cast mine fiber backhaul and repeater hops uncharacterized
RF Packet Delivery Ratio (PDR),YES,YES,YES,NO,L7_BENCH_MEASURED,"Dual ESP32 SX1278 (1,000 packets)",150m outdoor line-of-sight testbed (99.1% PDR),Bench LOS only; pit highwall shadowing and heavy machinery RF occlusion simulated
RF Latency (Roundtrip),YES,YES,YES,NO,L7_BENCH_MEASURED,ESP32 LoRa ping-pong timer,Hardware timer logging 41.2 ms mean roundtrip over air,Does not include heavy network congestion or multi-hop gateway relay queueing
CAN / TWAI Bus Controller,YES,NO,YES,NO,L7_BENCH_MEASURED,ESP32 TWAI peripheral + SN65HVD230,250 kbps 29-bit extended bus testbed (0.512 ms wire delay),Bench wiring harness; not connected to live OEM Cummins/Allison J1939 powertrain backbone
J1939-Compatible Frames,YES,NO,YES,NO,L7_BENCH_MEASURED,Project-defined PGN encoder/decoder,"6 PGNs (61444, 65265, 61441, 65281, 65282, 65280)",Project-defined J1939-style signal definitions; OEM proprietary security seeds unvalidated
Wheel Speed Encoder,NO,YES,YES,NO,L6_MODELED,Simulated Vehicle ECU pulse generator,Software pulse generator feeding simulated CCVS CAN frame,Physical optical/magnetic hall encoder on BH100 wheel hub not installed
MPU-6050 IMU Sensor,YES,YES,YES,NO,L7_BENCH_MEASURED,InvenSense MPU-6050 6-DOF I2C,I2C read at 40 Hz on ESP32 bench node (1.26 ms sample time),Laboratory benchtop; haul truck chassis vibration filtering and mounting unvalidated
Brake Actuator Valve,NO,YES,YES,NO,L6_MODELED,"HIL Actuator Model (tau in [200, 350] ms)",Parametric electro-pneumatic delay model in software,Physical BH100 air-over-hydraulic proportional valve dynamics not physically plumbed
Service Friction Brakes,NO,YES,NO,YES,L6_MATHEMATICAL_DERIVATION,Newtonian deceleration model,550 kN rated mechanical brake force derived from ISO 3450,No physical dyno or vehicle pad deceleration test performed
Hydrodynamic Retarder,NO,YES,NO,YES,L2_OEM_DOCUMENTED,Allison 8610 transmission retarder,OEM continuous absorption envelope modeled on -8% grade,Physical transmission fluid temperature rise and continuous thermal fade unmeasured
Longitudinal Vehicle Dynamics,NO,YES,YES,YES,L6_MODELED,SimulatedVehicleECU Runge-Kutta integrator,"Closed-loop force balance (grade, roll, aero, brake, engine)","Longitudinal 1D dynamics; multi-body lateral roll, pitch, and tire shear slip unmodeled"
Visibility / Fog Measurement,NO,YES,YES,NO,L6_MODELED,Synthetic visibility profile generator,Controlled visibility inputs (100m to 3m) in test scripts,Physical transmissometer / forward-scatter fog sensor not deployed in field
GNSS / RTK Localization,NO,YES,NO,NO,L6_MODELED,Simulated coordinate telemetry,1D stationing / GPS coordinate emulation in Digital Twin,Physical multi-constellation RTK receiver with Bailadila canyon multipath unmeasured
BEML BH100 Haul Truck,NO,NO,YES,YES,L2_OEM_DOCUMENTED,OEM specification brochure & civil data,"165.5 t gross operating weight, 91.5 t payload, 10.525 m length",No live physical BH100 truck operated or modified in active mine operations
