claim_id,claim,evidence,source,evidence_level,status,allowed_wording,forbidden_wording
C01,Local vehicle safety governor enforces v_applied <= v_safe without exception,1009 canonical tests in FINAL_SAFETY_VALIDATION.csv and 60 HIL tests,integration_adapters/fail_safe_controller.py,L7 Bench Measured,VERIFIED,"demonstrated local command clamping in bench HIL","guaranteed zero collision risk"
C02,Environmental telemetry path previously lacked freshness and plausibility filtering,Code audit showing raw visibility_m fed directly to EnvironmentState,fog_safe/safety.py and telemetry_ingest.py,L1 Public Verified,VERIFIED,"identified unvalidated environmental telemetry path","solved all perception issues"
C03,Rule-based EnvironmentalDataHealth detects age-based degradation at 30s and 60s,17 unit tests in test_environmental_data_health.py,integration_adapters/environmental_data_health.py,L7 Bench Measured,VERIFIED,"detects telemetry staleness based on configurable time thresholds","predicts all sensor failures"
C04,Conservative fallback scaling preserves command authority and mitigates stopping envelope violations under detectable faults,Matched-seed benchmark across 30 seeds in D1-D5 D8 D10-D12,experiments/run_sensor_degradation_benchmark.py,L9 Simulation,VERIFIED,"No violations of the tested command-authority invariant v_command <= v_safe were observed; stopping envelope violations mitigated under detectable faults","100% collision proof; eliminates all violations"
C05,Single-source data health cannot detect Class C plausible-but-wrong data,Theoretical proof and D13 benchmark results showing FN classification,sensor_degradation_research/12_LIMITATIONS.md,L1 Public Verified,VERIFIED,"plausible-but-wrong measurements undetectable without independent reference","detects all sensor errors"
C06,Traffic orchestration eliminates hazardous ramp waiting (100% reduction) by holding vehicles in staging queues,Hazardous waiting reduced from 725.4s to 0.0s while staging waiting increases,experiments/run_sensor_degradation_benchmark.py,L9 Simulation,VERIFIED,"eliminates hazardous ramp waiting by holding vehicles in safe staging area","eliminates all haulage delays; 100% reduction in waiting"
C07,Dual-truck V2V protocol STATE packet runs without schema modification,HIL radio tests and physical ESP32 execution,integration_adapters/can_twai_hil.py,L7 Bench Measured,VERIFIED,"tested on dual ESP32 prototype hardware","mine-wide wireless validation"
C08,TRUCK_01 speed is derived from physical LM393 wheel encoder pulses,Firmware pulse counting ISR in VEHICLE_A_HMI_FIRMWARE.ino,esp32_code/VEHICLE_A_HMI_FIRMWARE.ino,L7 Bench Measured,VERIFIED,"wheel encoder pulse derived speed on TRUCK_01","OEM calibrated speedometer"
C09,TRUCK_02 speed is PWM commanded velocity not an encoder measurement,Firmware source code inspection showing appliedSpeedMs calculation,esp32_code/VEHICLE_B_TRUCK_02_V2V_DIGITAL_TWIN_MOTOR,L1 Public Verified,VERIFIED,"PWM-derived synthetic speed on TRUCK_02","encoder measured speed on TRUCK_02"
C10,Zero physical GNSS receivers exist on the current physical prototype,telemetry_ingest.py GNSS_EQUIPPED_VEHICLES is frozenset(),telemetry_ingest.py,L1 Public Verified,VERIFIED,"synthetic GNSS test harness for simulation only","sub-meter RTK GPS field validated"
C11,BEML BH100 dump truck dynamics are modeled analytically not physically actuated,Simulation model utilizing published BEML spec sheet parameters,fog_safe/vehicle.py,L2 OEM Documented,VERIFIED,"modeled based on published BEML BH100 physical parameters","physically validated on 165t dump truck"
C12,J1939 CAN protocol is a candidate deployment interface not OEM certified,TWAI emulation on ESP32 in laboratory bench setup,integration_adapters/can_twai_hil.py,L10 Candidate Interface,VERIFIED,"candidate deployment interface tested in bench emulation","OEM J1939 certified on BEML truck"
C13,System has not undergone formal ISO 17757 or IEC 61508 field certification,Standards alignment audit in STANDARDS_RELEVANCE_MATRIX.md,sensor_degradation_research/STANDARDS_RELEVANCE_MATRIX.md,L4 Standard,VERIFIED,"designed with reference to functional safety principles","certified compliant with ISO 17757 / IEC 61508"
C14,Recovery hysteresis prevents rapid flapping between degraded and healthy states,Unit tests verifying 2-3 consecutive clean frames requirement,tests/test_environmental_data_health.py,L7 Bench Measured,VERIFIED,"enforces multi-frame recovery hysteresis","instantaneous sensor healing"
C15,Fail-closed architecture ensures unhandled exceptions default to UNAVAILABLE,Monkeypatch unit test verifying exception boundary returns 8m,tests/test_environmental_data_health.py,L7 Bench Measured,VERIFIED,"fails closed to safe minimum perception floor on module crash","completely crash-proof software"
