parameter_name,value,unit,classification,standard_or_basis,engineering_rationale,impact_if_tuned_too_tight,impact_if_tuned_too_loose
T_DEGRADED_ENV_s,30.0,seconds,L6 Engineering Assumption,Optical transmissometer 30s running average time,Balances fog dynamic advection rate against transient optical obscuration (dust/birds),False alarm on single missed radio frame,Sluggish reaction to sudden fog influx
T_STALE_ENV_s,60.0,seconds,L6 Engineering Assumption,Advection fog maximum safe persistence window,Maximum duration safe speed may rely on unrefreshed optical reading,Excessive speed clamping under mild packet loss,Prolonged over-speed during fog bank entry
T_GRACE_PERIOD_s,120.0,seconds,L6 Engineering Assumption,NMDC Bailadila RF multi-hop switchback outage budget,Grace period before declaring total environmental loss and dropping to crawling floor,Premature transition to crawling crawl floor (8m),120 seconds of residual stopping envelope violations during sudden fog onset
DEGRADED_FACTOR,0.70,dimensionless,L6 Engineering Assumption,Conservative 30% visual distance margin expansion,Matches 30% visual range reduction to decelerate vehicles toward conservative zone,Minor throughput reduction during transient drops,Insufficient deceleration before stale timeout
STALE_FACTOR,0.50,dimensionless,L6 Engineering Assumption,Conservative 50% visual distance reduction,Scales visual envelope by half to force stopping-limited deceleration,Premature speed degradation,Residual over-speed if true visibility drops >50%
R_MIN_m,5.0,meters,L6 Engineering Assumption,BEML BH100 bumper-to-bumper physical safety buffer,Corresponds to base safety margin S_base,Infeasible mathematical stopping requirement (< bumper),Permits negative stopping distance
R_UNAVAILABLE_MIN_m,8.0,meters,L6 Engineering Assumption,Dense fog (<10m) crawling speed physical headway floor,Yields v_safe=9.7 kmh (2.69 m/s) with 3m stopping distance,Severe fleet congestion / crawling,Vehicle fails to crawl under complete sensor blackout
RECOVERY_HYSTERESIS_STALE,2,frames,L6 Engineering Assumption,2 consecutive clean frames (2.0s at 1Hz),Prevents state chattering on noisy wireless link,Chattering between STALE and HEALTHY,Unnecessary delay in resuming normal fleet velocity
RECOVERY_HYSTERESIS_UNAVAILABLE,3,frames,L6 Engineering Assumption,3 consecutive clean frames (3.0s at 1Hz),Requires verified link stability before releasing vehicles from crawling floor,Chattering in and out of crawling floor,Prolonged crawling after sensors come back online
STUCK_WINDOW_SIZE,10,samples,L6 Engineering Assumption,Sample window for rolling variance,Minimum sample count for numerical variance stability,False positives on transient constant signals,Delayed detection of zero-variance frozen sensor
STUCK_STD_THRESHOLD_m,0.05,meters,L6 Engineering Assumption,Optical sensor photodiode quantization noise floor,Real atmosphere naturally fluctuates >0.05m std dev; exact zero indicates ADC/DAC freeze,Flags real stable atmosphere as sensor failure,Misses frozen sensor with high numerical dither
STUCK_MIN_TIME_s,300.0,seconds,L6 Engineering Assumption,5-minute operational freeze duration,Distinguishes persistent natural clear air stability from frozen sensor,Classifies stable clear weather as stuck sensor,Prolonged exposure to unflagged frozen sensor
NOISE_STD_THRESHOLD_m,20.0,meters,L6 Engineering Assumption,Severe analog dust storm / optical flare noise limit,Atmospheric turbidity variance threshold,Prematurely penalizes genuine rapid fog patches,Permits chaotic analog noise to destabilize speed commands
CONFLICT_THRESHOLD_m,25.0,meters,L6 Engineering Assumption,Dual sensor spatial baseline discrepancy tolerance,Accounts for physical baseline separation across roadway,Triggers false conflict on localized dust clouds,Fails to detect sensor divergence
