deceleration_model,deceleration_mps2,latency_model,tau_local_s,velocity_mps,velocity_kmh,reaction_distance_m,braking_distance_m,stopping_distance_m,standstill_margin_m,total_stopping_required_m,visibility_m,clearance_margin_remaining_m,is_safe_with_5m_buffer,is_safe_without_buffer
CONSERVATIVE_SERVICE,1.2,NOMINAL_LOCAL,0.375,0.0,0.0,0.0,0.0,0.0,5.0,5.0,12.0,12.0,True,True
CONSERVATIVE_SERVICE,1.2,NOMINAL_LOCAL,0.375,0.0,0.0,0.0,0.0,0.0,5.0,5.0,25.0,25.0,True,True
CONSERVATIVE_SERVICE,1.2,NOMINAL_LOCAL,0.375,0.0,0.0,0.0,0.0,0.0,5.0,5.0,50.0,50.0,True,True
CONSERVATIVE_SERVICE,1.2,NOMINAL_LOCAL,0.375,0.0,0.0,0.0,0.0,0.0,5.0,5.0,100.0,100.0,True,True
CONSERVATIVE_SERVICE,1.2,NOMINAL_LOCAL,0.375,1.5,5.4,0.5625,0.9375,1.5,5.0,6.5,12.0,10.5,True,True
CONSERVATIVE_SERVICE,1.2,NOMINAL_LOCAL,0.375,1.5,5.4,0.5625,0.9375,1.5,5.0,6.5,25.0,23.5,True,True
CONSERVATIVE_SERVICE,1.2,NOMINAL_LOCAL,0.375,1.5,5.4,0.5625,0.9375,1.5,5.0,6.5,50.0,48.5,True,True
CONSERVATIVE_SERVICE,1.2,NOMINAL_LOCAL,0.375,1.5,5.4,0.5625,0.9375,1.5,5.0,6.5,100.0,98.5,True,True
CONSERVATIVE_SERVICE,1.2,NOMINAL_LOCAL,0.375,3.0,10.8,1.125,3.75,4.875,5.0,9.875,12.0,7.125,True,True
CONSERVATIVE_SERVICE,1.2,NOMINAL_LOCAL,0.375,3.0,10.8,1.125,3.75,4.875,5.0,9.875,25.0,20.125,True,True
CONSERVATIVE_SERVICE,1.2,NOMINAL_LOCAL,0.375,3.0,10.8,1.125,3.75,4.875,5.0,9.875,50.0,45.125,True,True
CONSERVATIVE_SERVICE,1.2,NOMINAL_LOCAL,0.375,3.0,10.8,1.125,3.75,4.875,5.0,9.875,100.0,95.125,True,True
CONSERVATIVE_SERVICE,1.2,NOMINAL_LOCAL,0.375,3.608,12.99,1.353,5.424,6.777,5.0,11.777,12.0,5.223,True,True
CONSERVATIVE_SERVICE,1.2,NOMINAL_LOCAL,0.375,3.608,12.99,1.353,5.424,6.777,5.0,11.777,25.0,18.223,True,True
CONSERVATIVE_SERVICE,1.2,NOMINAL_LOCAL,0.375,3.608,12.99,1.353,5.424,6.777,5.0,11.777,50.0,43.223,True,True
CONSERVATIVE_SERVICE,1.2,NOMINAL_LOCAL,0.375,3.608,12.99,1.353,5.424,6.777,5.0,11.777,100.0,93.223,True,True
CONSERVATIVE_SERVICE,1.2,NOMINAL_LOCAL,0.375,3.6734,13.22,1.3775,5.6224,7.0,5.0,12.0,12.0,5.0,True,True
CONSERVATIVE_SERVICE,1.2,NOMINAL_LOCAL,0.375,3.6734,13.22,1.3775,5.6224,7.0,5.0,12.0,25.0,18.0,True,True
CONSERVATIVE_SERVICE,1.2,NOMINAL_LOCAL,0.375,3.6734,13.22,1.3775,5.6224,7.0,5.0,12.0,50.0,43.0,True,True
CONSERVATIVE_SERVICE,1.2,NOMINAL_LOCAL,0.375,3.6734,13.22,1.3775,5.6224,7.0,5.0,12.0,100.0,93.0,True,True
CONSERVATIVE_SERVICE,1.2,NOMINAL_LOCAL,0.375,4.3815,15.77,1.6431,7.999,9.642,5.0,14.642,12.0,2.358,False,True
CONSERVATIVE_SERVICE,1.2,NOMINAL_LOCAL,0.375,4.3815,15.77,1.6431,7.999,9.642,5.0,14.642,25.0,15.358,True,True
CONSERVATIVE_SERVICE,1.2,NOMINAL_LOCAL,0.375,4.3815,15.77,1.6431,7.999,9.642,5.0,14.642,50.0,40.358,True,True
CONSERVATIVE_SERVICE,1.2,NOMINAL_LOCAL,0.375,4.3815,15.77,1.6431,7.999,9.642,5.0,14.642,100.0,90.358,True,True
CONSERVATIVE_SERVICE,1.2,NOMINAL_LOCAL,0.375,5.0,18.0,1.875,10.4167,12.2917,5.0,17.2917,12.0,-0.2917,False,False
CONSERVATIVE_SERVICE,1.2,NOMINAL_LOCAL,0.375,5.0,18.0,1.875,10.4167,12.2917,5.0,17.2917,25.0,12.7083,True,True
CONSERVATIVE_SERVICE,1.2,NOMINAL_LOCAL,0.375,5.0,18.0,1.875,10.4167,12.2917,5.0,17.2917,50.0,37.7083,True,True
CONSERVATIVE_SERVICE,1.2,NOMINAL_LOCAL,0.375,5.0,18.0,1.875,10.4167,12.2917,5.0,17.2917,100.0,87.7083,True,True
CONSERVATIVE_SERVICE,1.2,NOMINAL_LOCAL,0.375,5.1158,18.42,1.9184,10.9048,12.8232,5.0,17.8232,12.0,-0.8232,False,False
CONSERVATIVE_SERVICE,1.2,NOMINAL_LOCAL,0.375,5.1158,18.42,1.9184,10.9048,12.8232,5.0,17.8232,25.0,12.1768,True,True
CONSERVATIVE_SERVICE,1.2,NOMINAL_LOCAL,0.375,5.1158,18.42,1.9184,10.9048,12.8232,5.0,17.8232,50.0,37.1768,True,True
CONSERVATIVE_SERVICE,1.2,NOMINAL_LOCAL,0.375,5.1158,18.42,1.9184,10.9048,12.8232,5.0,17.8232,100.0,87.1768,True,True
CONSERVATIVE_SERVICE,1.2,NOMINAL_LOCAL,0.375,5.256,18.92,1.971,11.5106,13.4816,5.0,18.4816,12.0,-1.4816,False,False
CONSERVATIVE_SERVICE,1.2,NOMINAL_LOCAL,0.375,5.256,18.92,1.971,11.5106,13.4816,5.0,18.4816,25.0,11.5184,True,True
CONSERVATIVE_SERVICE,1.2,NOMINAL_LOCAL,0.375,5.256,18.92,1.971,11.5106,13.4816,5.0,18.4816,50.0,36.5184,True,True
CONSERVATIVE_SERVICE,1.2,NOMINAL_LOCAL,0.375,5.256,18.92,1.971,11.5106,13.4816,5.0,18.4816,100.0,86.5184,True,True
CONSERVATIVE_SERVICE,1.2,NOMINAL_LOCAL,0.375,5.556,20.0,2.0835,12.8621,14.9456,5.0,19.9456,12.0,-2.9456,False,False
CONSERVATIVE_SERVICE,1.2,NOMINAL_LOCAL,0.375,5.556,20.0,2.0835,12.8621,14.9456,5.0,19.9456,25.0,10.0544,True,True
CONSERVATIVE_SERVICE,1.2,NOMINAL_LOCAL,0.375,5.556,20.0,2.0835,12.8621,14.9456,5.0,19.9456,50.0,35.0544,True,True
CONSERVATIVE_SERVICE,1.2,NOMINAL_LOCAL,0.375,5.556,20.0,2.0835,12.8621,14.9456,5.0,19.9456,100.0,85.0544,True,True
CONSERVATIVE_SERVICE,1.2,P95_LOCAL,0.412,0.0,0.0,0.0,0.0,0.0,5.0,5.0,12.0,12.0,True,True
CONSERVATIVE_SERVICE,1.2,P95_LOCAL,0.412,0.0,0.0,0.0,0.0,0.0,5.0,5.0,25.0,25.0,True,True
CONSERVATIVE_SERVICE,1.2,P95_LOCAL,0.412,0.0,0.0,0.0,0.0,0.0,5.0,5.0,50.0,50.0,True,True
CONSERVATIVE_SERVICE,1.2,P95_LOCAL,0.412,0.0,0.0,0.0,0.0,0.0,5.0,5.0,100.0,100.0,True,True
CONSERVATIVE_SERVICE,1.2,P95_LOCAL,0.412,1.5,5.4,0.618,0.9375,1.5555,5.0,6.5555,12.0,10.4445,True,True
CONSERVATIVE_SERVICE,1.2,P95_LOCAL,0.412,1.5,5.4,0.618,0.9375,1.5555,5.0,6.5555,25.0,23.4445,True,True
CONSERVATIVE_SERVICE,1.2,P95_LOCAL,0.412,1.5,5.4,0.618,0.9375,1.5555,5.0,6.5555,50.0,48.4445,True,True
CONSERVATIVE_SERVICE,1.2,P95_LOCAL,0.412,1.5,5.4,0.618,0.9375,1.5555,5.0,6.5555,100.0,98.4445,True,True
CONSERVATIVE_SERVICE,1.2,P95_LOCAL,0.412,3.0,10.8,1.236,3.75,4.986,5.0,9.986,12.0,7.014,True,True
CONSERVATIVE_SERVICE,1.2,P95_LOCAL,0.412,3.0,10.8,1.236,3.75,4.986,5.0,9.986,25.0,20.014,True,True
CONSERVATIVE_SERVICE,1.2,P95_LOCAL,0.412,3.0,10.8,1.236,3.75,4.986,5.0,9.986,50.0,45.014,True,True
CONSERVATIVE_SERVICE,1.2,P95_LOCAL,0.412,3.0,10.8,1.236,3.75,4.986,5.0,9.986,100.0,95.014,True,True
CONSERVATIVE_SERVICE,1.2,P95_LOCAL,0.412,3.608,12.99,1.4865,5.424,6.9105,5.0,11.9105,12.0,5.0895,True,True
CONSERVATIVE_SERVICE,1.2,P95_LOCAL,0.412,3.608,12.99,1.4865,5.424,6.9105,5.0,11.9105,25.0,18.0895,True,True
CONSERVATIVE_SERVICE,1.2,P95_LOCAL,0.412,3.608,12.99,1.4865,5.424,6.9105,5.0,11.9105,50.0,43.0895,True,True
CONSERVATIVE_SERVICE,1.2,P95_LOCAL,0.412,3.608,12.99,1.4865,5.424,6.9105,5.0,11.9105,100.0,93.0895,True,True
CONSERVATIVE_SERVICE,1.2,P95_LOCAL,0.412,3.6734,13.22,1.5134,5.6224,7.1359,5.0,12.1359,12.0,4.8641,False,True
CONSERVATIVE_SERVICE,1.2,P95_LOCAL,0.412,3.6734,13.22,1.5134,5.6224,7.1359,5.0,12.1359,25.0,17.8641,True,True
CONSERVATIVE_SERVICE,1.2,P95_LOCAL,0.412,3.6734,13.22,1.5134,5.6224,7.1359,5.0,12.1359,50.0,42.8641,True,True
CONSERVATIVE_SERVICE,1.2,P95_LOCAL,0.412,3.6734,13.22,1.5134,5.6224,7.1359,5.0,12.1359,100.0,92.8641,True,True
CONSERVATIVE_SERVICE,1.2,P95_LOCAL,0.412,4.3815,15.77,1.8052,7.999,9.8042,5.0,14.8042,12.0,2.1958,False,True
CONSERVATIVE_SERVICE,1.2,P95_LOCAL,0.412,4.3815,15.77,1.8052,7.999,9.8042,5.0,14.8042,25.0,15.1958,True,True
CONSERVATIVE_SERVICE,1.2,P95_LOCAL,0.412,4.3815,15.77,1.8052,7.999,9.8042,5.0,14.8042,50.0,40.1958,True,True
CONSERVATIVE_SERVICE,1.2,P95_LOCAL,0.412,4.3815,15.77,1.8052,7.999,9.8042,5.0,14.8042,100.0,90.1958,True,True
CONSERVATIVE_SERVICE,1.2,P95_LOCAL,0.412,5.0,18.0,2.06,10.4167,12.4767,5.0,17.4767,12.0,-0.4767,False,False
CONSERVATIVE_SERVICE,1.2,P95_LOCAL,0.412,5.0,18.0,2.06,10.4167,12.4767,5.0,17.4767,25.0,12.5233,True,True
CONSERVATIVE_SERVICE,1.2,P95_LOCAL,0.412,5.0,18.0,2.06,10.4167,12.4767,5.0,17.4767,50.0,37.5233,True,True
CONSERVATIVE_SERVICE,1.2,P95_LOCAL,0.412,5.0,18.0,2.06,10.4167,12.4767,5.0,17.4767,100.0,87.5233,True,True
CONSERVATIVE_SERVICE,1.2,P95_LOCAL,0.412,5.1158,18.42,2.1077,10.9048,13.0125,5.0,18.0125,12.0,-1.0125,False,False
CONSERVATIVE_SERVICE,1.2,P95_LOCAL,0.412,5.1158,18.42,2.1077,10.9048,13.0125,5.0,18.0125,25.0,11.9875,True,True
CONSERVATIVE_SERVICE,1.2,P95_LOCAL,0.412,5.1158,18.42,2.1077,10.9048,13.0125,5.0,18.0125,50.0,36.9875,True,True
CONSERVATIVE_SERVICE,1.2,P95_LOCAL,0.412,5.1158,18.42,2.1077,10.9048,13.0125,5.0,18.0125,100.0,86.9875,True,True
CONSERVATIVE_SERVICE,1.2,P95_LOCAL,0.412,5.256,18.92,2.1655,11.5106,13.6761,5.0,18.6761,12.0,-1.6761,False,False
CONSERVATIVE_SERVICE,1.2,P95_LOCAL,0.412,5.256,18.92,2.1655,11.5106,13.6761,5.0,18.6761,25.0,11.3239,True,True
CONSERVATIVE_SERVICE,1.2,P95_LOCAL,0.412,5.256,18.92,2.1655,11.5106,13.6761,5.0,18.6761,50.0,36.3239,True,True
CONSERVATIVE_SERVICE,1.2,P95_LOCAL,0.412,5.256,18.92,2.1655,11.5106,13.6761,5.0,18.6761,100.0,86.3239,True,True
CONSERVATIVE_SERVICE,1.2,P95_LOCAL,0.412,5.556,20.0,2.2891,12.8621,15.1512,5.0,20.1512,12.0,-3.1512,False,False
CONSERVATIVE_SERVICE,1.2,P95_LOCAL,0.412,5.556,20.0,2.2891,12.8621,15.1512,5.0,20.1512,25.0,9.8488,True,True
CONSERVATIVE_SERVICE,1.2,P95_LOCAL,0.412,5.556,20.0,2.2891,12.8621,15.1512,5.0,20.1512,50.0,34.8488,True,True
CONSERVATIVE_SERVICE,1.2,P95_LOCAL,0.412,5.556,20.0,2.2891,12.8621,15.1512,5.0,20.1512,100.0,84.8488,True,True
CONSERVATIVE_SERVICE,1.2,P99_LOCAL,0.4371,0.0,0.0,0.0,0.0,0.0,5.0,5.0,12.0,12.0,True,True
CONSERVATIVE_SERVICE,1.2,P99_LOCAL,0.4371,0.0,0.0,0.0,0.0,0.0,5.0,5.0,25.0,25.0,True,True
CONSERVATIVE_SERVICE,1.2,P99_LOCAL,0.4371,0.0,0.0,0.0,0.0,0.0,5.0,5.0,50.0,50.0,True,True
CONSERVATIVE_SERVICE,1.2,P99_LOCAL,0.4371,0.0,0.0,0.0,0.0,0.0,5.0,5.0,100.0,100.0,True,True
CONSERVATIVE_SERVICE,1.2,P99_LOCAL,0.4371,1.5,5.4,0.6556,0.9375,1.5932,5.0,6.5931,12.0,10.4069,True,True
CONSERVATIVE_SERVICE,1.2,P99_LOCAL,0.4371,1.5,5.4,0.6556,0.9375,1.5932,5.0,6.5931,25.0,23.4068,True,True
CONSERVATIVE_SERVICE,1.2,P99_LOCAL,0.4371,1.5,5.4,0.6556,0.9375,1.5932,5.0,6.5931,50.0,48.4068,True,True
CONSERVATIVE_SERVICE,1.2,P99_LOCAL,0.4371,1.5,5.4,0.6556,0.9375,1.5932,5.0,6.5931,100.0,98.4069,True,True
CONSERVATIVE_SERVICE,1.2,P99_LOCAL,0.4371,3.0,10.8,1.3113,3.75,5.0613,5.0,10.0613,12.0,6.9387,True,True
CONSERVATIVE_SERVICE,1.2,P99_LOCAL,0.4371,3.0,10.8,1.3113,3.75,5.0613,5.0,10.0613,25.0,19.9387,True,True
CONSERVATIVE_SERVICE,1.2,P99_LOCAL,0.4371,3.0,10.8,1.3113,3.75,5.0613,5.0,10.0613,50.0,44.9387,True,True
CONSERVATIVE_SERVICE,1.2,P99_LOCAL,0.4371,3.0,10.8,1.3113,3.75,5.0613,5.0,10.0613,100.0,94.9387,True,True
CONSERVATIVE_SERVICE,1.2,P99_LOCAL,0.4371,3.608,12.99,1.5771,5.424,7.0011,5.0,12.0011,12.0,4.9989,False,True
CONSERVATIVE_SERVICE,1.2,P99_LOCAL,0.4371,3.608,12.99,1.5771,5.424,7.0011,5.0,12.0011,25.0,17.9989,True,True
CONSERVATIVE_SERVICE,1.2,P99_LOCAL,0.4371,3.608,12.99,1.5771,5.424,7.0011,5.0,12.0011,50.0,42.9989,True,True
CONSERVATIVE_SERVICE,1.2,P99_LOCAL,0.4371,3.608,12.99,1.5771,5.424,7.0011,5.0,12.0011,100.0,92.9989,True,True
CONSERVATIVE_SERVICE,1.2,P99_LOCAL,0.4371,3.6734,13.22,1.6056,5.6224,7.2281,5.0,12.2281,12.0,4.7719,False,True
CONSERVATIVE_SERVICE,1.2,P99_LOCAL,0.4371,3.6734,13.22,1.6056,5.6224,7.2281,5.0,12.2281,25.0,17.7719,True,True
CONSERVATIVE_SERVICE,1.2,P99_LOCAL,0.4371,3.6734,13.22,1.6056,5.6224,7.2281,5.0,12.2281,50.0,42.7719,True,True
CONSERVATIVE_SERVICE,1.2,P99_LOCAL,0.4371,3.6734,13.22,1.6056,5.6224,7.2281,5.0,12.2281,100.0,92.7719,True,True
CONSERVATIVE_SERVICE,1.2,P99_LOCAL,0.4371,4.3815,15.77,1.9152,7.999,9.9141,5.0,14.9141,12.0,2.0859,False,True
CONSERVATIVE_SERVICE,1.2,P99_LOCAL,0.4371,4.3815,15.77,1.9152,7.999,9.9141,5.0,14.9141,25.0,15.0859,True,True
CONSERVATIVE_SERVICE,1.2,P99_LOCAL,0.4371,4.3815,15.77,1.9152,7.999,9.9141,5.0,14.9141,50.0,40.0859,True,True
CONSERVATIVE_SERVICE,1.2,P99_LOCAL,0.4371,4.3815,15.77,1.9152,7.999,9.9141,5.0,14.9141,100.0,90.0859,True,True
CONSERVATIVE_SERVICE,1.2,P99_LOCAL,0.4371,5.0,18.0,2.1855,10.4167,12.6022,5.0,17.6022,12.0,-0.6022,False,False
CONSERVATIVE_SERVICE,1.2,P99_LOCAL,0.4371,5.0,18.0,2.1855,10.4167,12.6022,5.0,17.6022,25.0,12.3978,True,True
CONSERVATIVE_SERVICE,1.2,P99_LOCAL,0.4371,5.0,18.0,2.1855,10.4167,12.6022,5.0,17.6022,50.0,37.3978,True,True
CONSERVATIVE_SERVICE,1.2,P99_LOCAL,0.4371,5.0,18.0,2.1855,10.4167,12.6022,5.0,17.6022,100.0,87.3978,True,True
CONSERVATIVE_SERVICE,1.2,P99_LOCAL,0.4371,5.1158,18.42,2.2361,10.9048,13.1409,5.0,18.1409,12.0,-1.1409,False,False
CONSERVATIVE_SERVICE,1.2,P99_LOCAL,0.4371,5.1158,18.42,2.2361,10.9048,13.1409,5.0,18.1409,25.0,11.8591,True,True
CONSERVATIVE_SERVICE,1.2,P99_LOCAL,0.4371,5.1158,18.42,2.2361,10.9048,13.1409,5.0,18.1409,50.0,36.8591,True,True
CONSERVATIVE_SERVICE,1.2,P99_LOCAL,0.4371,5.1158,18.42,2.2361,10.9048,13.1409,5.0,18.1409,100.0,86.8591,True,True
CONSERVATIVE_SERVICE,1.2,P99_LOCAL,0.4371,5.256,18.92,2.2974,11.5106,13.808,5.0,18.808,12.0,-1.808,False,False
CONSERVATIVE_SERVICE,1.2,P99_LOCAL,0.4371,5.256,18.92,2.2974,11.5106,13.808,5.0,18.808,25.0,11.192,True,True
CONSERVATIVE_SERVICE,1.2,P99_LOCAL,0.4371,5.256,18.92,2.2974,11.5106,13.808,5.0,18.808,50.0,36.192,True,True
CONSERVATIVE_SERVICE,1.2,P99_LOCAL,0.4371,5.256,18.92,2.2974,11.5106,13.808,5.0,18.808,100.0,86.192,True,True
CONSERVATIVE_SERVICE,1.2,P99_LOCAL,0.4371,5.556,20.0,2.4285,12.8621,15.2907,5.0,20.2907,12.0,-3.2907,False,False
CONSERVATIVE_SERVICE,1.2,P99_LOCAL,0.4371,5.556,20.0,2.4285,12.8621,15.2907,5.0,20.2907,25.0,9.7093,True,True
CONSERVATIVE_SERVICE,1.2,P99_LOCAL,0.4371,5.556,20.0,2.4285,12.8621,15.2907,5.0,20.2907,50.0,34.7093,True,True
CONSERVATIVE_SERVICE,1.2,P99_LOCAL,0.4371,5.556,20.0,2.4285,12.8621,15.2907,5.0,20.2907,100.0,84.7093,True,True
CONSERVATIVE_SERVICE,1.2,WORST_LOCAL,0.475,0.0,0.0,0.0,0.0,0.0,5.0,5.0,12.0,12.0,True,True
CONSERVATIVE_SERVICE,1.2,WORST_LOCAL,0.475,0.0,0.0,0.0,0.0,0.0,5.0,5.0,25.0,25.0,True,True
CONSERVATIVE_SERVICE,1.2,WORST_LOCAL,0.475,0.0,0.0,0.0,0.0,0.0,5.0,5.0,50.0,50.0,True,True
CONSERVATIVE_SERVICE,1.2,WORST_LOCAL,0.475,0.0,0.0,0.0,0.0,0.0,5.0,5.0,100.0,100.0,True,True
CONSERVATIVE_SERVICE,1.2,WORST_LOCAL,0.475,1.5,5.4,0.7125,0.9375,1.65,5.0,6.65,12.0,10.35,True,True
CONSERVATIVE_SERVICE,1.2,WORST_LOCAL,0.475,1.5,5.4,0.7125,0.9375,1.65,5.0,6.65,25.0,23.35,True,True
CONSERVATIVE_SERVICE,1.2,WORST_LOCAL,0.475,1.5,5.4,0.7125,0.9375,1.65,5.0,6.65,50.0,48.35,True,True
CONSERVATIVE_SERVICE,1.2,WORST_LOCAL,0.475,1.5,5.4,0.7125,0.9375,1.65,5.0,6.65,100.0,98.35,True,True
CONSERVATIVE_SERVICE,1.2,WORST_LOCAL,0.475,3.0,10.8,1.425,3.75,5.175,5.0,10.175,12.0,6.825,True,True
CONSERVATIVE_SERVICE,1.2,WORST_LOCAL,0.475,3.0,10.8,1.425,3.75,5.175,5.0,10.175,25.0,19.825,True,True
CONSERVATIVE_SERVICE,1.2,WORST_LOCAL,0.475,3.0,10.8,1.425,3.75,5.175,5.0,10.175,50.0,44.825,True,True
CONSERVATIVE_SERVICE,1.2,WORST_LOCAL,0.475,3.0,10.8,1.425,3.75,5.175,5.0,10.175,100.0,94.825,True,True
CONSERVATIVE_SERVICE,1.2,WORST_LOCAL,0.475,3.608,12.99,1.7138,5.424,7.1378,5.0,12.1378,12.0,4.8622,False,True
CONSERVATIVE_SERVICE,1.2,WORST_LOCAL,0.475,3.608,12.99,1.7138,5.424,7.1378,5.0,12.1378,25.0,17.8622,True,True
CONSERVATIVE_SERVICE,1.2,WORST_LOCAL,0.475,3.608,12.99,1.7138,5.424,7.1378,5.0,12.1378,50.0,42.8622,True,True
CONSERVATIVE_SERVICE,1.2,WORST_LOCAL,0.475,3.608,12.99,1.7138,5.424,7.1378,5.0,12.1378,100.0,92.8622,True,True
CONSERVATIVE_SERVICE,1.2,WORST_LOCAL,0.475,3.6734,13.22,1.7449,5.6224,7.3673,5.0,12.3673,12.0,4.6327,False,True
CONSERVATIVE_SERVICE,1.2,WORST_LOCAL,0.475,3.6734,13.22,1.7449,5.6224,7.3673,5.0,12.3673,25.0,17.6327,True,True
CONSERVATIVE_SERVICE,1.2,WORST_LOCAL,0.475,3.6734,13.22,1.7449,5.6224,7.3673,5.0,12.3673,50.0,42.6327,True,True
CONSERVATIVE_SERVICE,1.2,WORST_LOCAL,0.475,3.6734,13.22,1.7449,5.6224,7.3673,5.0,12.3673,100.0,92.6327,True,True
CONSERVATIVE_SERVICE,1.2,WORST_LOCAL,0.475,4.3815,15.77,2.0812,7.999,10.0802,5.0,15.0802,12.0,1.9198,False,True
CONSERVATIVE_SERVICE,1.2,WORST_LOCAL,0.475,4.3815,15.77,2.0812,7.999,10.0802,5.0,15.0802,25.0,14.9198,True,True
CONSERVATIVE_SERVICE,1.2,WORST_LOCAL,0.475,4.3815,15.77,2.0812,7.999,10.0802,5.0,15.0802,50.0,39.9198,True,True
CONSERVATIVE_SERVICE,1.2,WORST_LOCAL,0.475,4.3815,15.77,2.0812,7.999,10.0802,5.0,15.0802,100.0,89.9198,True,True
CONSERVATIVE_SERVICE,1.2,WORST_LOCAL,0.475,5.0,18.0,2.375,10.4167,12.7917,5.0,17.7917,12.0,-0.7917,False,False
CONSERVATIVE_SERVICE,1.2,WORST_LOCAL,0.475,5.0,18.0,2.375,10.4167,12.7917,5.0,17.7917,25.0,12.2083,True,True
CONSERVATIVE_SERVICE,1.2,WORST_LOCAL,0.475,5.0,18.0,2.375,10.4167,12.7917,5.0,17.7917,50.0,37.2083,True,True
CONSERVATIVE_SERVICE,1.2,WORST_LOCAL,0.475,5.0,18.0,2.375,10.4167,12.7917,5.0,17.7917,100.0,87.2083,True,True
CONSERVATIVE_SERVICE,1.2,WORST_LOCAL,0.475,5.1158,18.42,2.43,10.9048,13.3348,5.0,18.3348,12.0,-1.3348,False,False
CONSERVATIVE_SERVICE,1.2,WORST_LOCAL,0.475,5.1158,18.42,2.43,10.9048,13.3348,5.0,18.3348,25.0,11.6652,True,True
CONSERVATIVE_SERVICE,1.2,WORST_LOCAL,0.475,5.1158,18.42,2.43,10.9048,13.3348,5.0,18.3348,50.0,36.6652,True,True
CONSERVATIVE_SERVICE,1.2,WORST_LOCAL,0.475,5.1158,18.42,2.43,10.9048,13.3348,5.0,18.3348,100.0,86.6652,True,True
CONSERVATIVE_SERVICE,1.2,WORST_LOCAL,0.475,5.256,18.92,2.4966,11.5106,14.0072,5.0,19.0072,12.0,-2.0072,False,False
CONSERVATIVE_SERVICE,1.2,WORST_LOCAL,0.475,5.256,18.92,2.4966,11.5106,14.0072,5.0,19.0072,25.0,10.9928,True,True
CONSERVATIVE_SERVICE,1.2,WORST_LOCAL,0.475,5.256,18.92,2.4966,11.5106,14.0072,5.0,19.0072,50.0,35.9928,True,True
CONSERVATIVE_SERVICE,1.2,WORST_LOCAL,0.475,5.256,18.92,2.4966,11.5106,14.0072,5.0,19.0072,100.0,85.9928,True,True
CONSERVATIVE_SERVICE,1.2,WORST_LOCAL,0.475,5.556,20.0,2.6391,12.8621,15.5012,5.0,20.5012,12.0,-3.5012,False,False
CONSERVATIVE_SERVICE,1.2,WORST_LOCAL,0.475,5.556,20.0,2.6391,12.8621,15.5012,5.0,20.5012,25.0,9.4988,True,True
CONSERVATIVE_SERVICE,1.2,WORST_LOCAL,0.475,5.556,20.0,2.6391,12.8621,15.5012,5.0,20.5012,50.0,34.4988,True,True
CONSERVATIVE_SERVICE,1.2,WORST_LOCAL,0.475,5.556,20.0,2.6391,12.8621,15.5012,5.0,20.5012,100.0,84.4988,True,True
WET_SLICK_RAMP_MINUS_8PCT,2.4926,NOMINAL_LOCAL,0.375,0.0,0.0,0.0,0.0,0.0,5.0,5.0,12.0,12.0,True,True
WET_SLICK_RAMP_MINUS_8PCT,2.4926,NOMINAL_LOCAL,0.375,0.0,0.0,0.0,0.0,0.0,5.0,5.0,25.0,25.0,True,True
WET_SLICK_RAMP_MINUS_8PCT,2.4926,NOMINAL_LOCAL,0.375,0.0,0.0,0.0,0.0,0.0,5.0,5.0,50.0,50.0,True,True
WET_SLICK_RAMP_MINUS_8PCT,2.4926,NOMINAL_LOCAL,0.375,0.0,0.0,0.0,0.0,0.0,5.0,5.0,100.0,100.0,True,True
WET_SLICK_RAMP_MINUS_8PCT,2.4926,NOMINAL_LOCAL,0.375,1.5,5.4,0.5625,0.4513,1.0138,5.0,6.0138,12.0,10.9862,True,True
WET_SLICK_RAMP_MINUS_8PCT,2.4926,NOMINAL_LOCAL,0.375,1.5,5.4,0.5625,0.4513,1.0138,5.0,6.0138,25.0,23.9862,True,True
WET_SLICK_RAMP_MINUS_8PCT,2.4926,NOMINAL_LOCAL,0.375,1.5,5.4,0.5625,0.4513,1.0138,5.0,6.0138,50.0,48.9862,True,True
WET_SLICK_RAMP_MINUS_8PCT,2.4926,NOMINAL_LOCAL,0.375,1.5,5.4,0.5625,0.4513,1.0138,5.0,6.0138,100.0,98.9862,True,True
WET_SLICK_RAMP_MINUS_8PCT,2.4926,NOMINAL_LOCAL,0.375,3.0,10.8,1.125,1.8053,2.9303,5.0,7.9303,12.0,9.0697,True,True
WET_SLICK_RAMP_MINUS_8PCT,2.4926,NOMINAL_LOCAL,0.375,3.0,10.8,1.125,1.8053,2.9303,5.0,7.9303,25.0,22.0697,True,True
WET_SLICK_RAMP_MINUS_8PCT,2.4926,NOMINAL_LOCAL,0.375,3.0,10.8,1.125,1.8053,2.9303,5.0,7.9303,50.0,47.0697,True,True
WET_SLICK_RAMP_MINUS_8PCT,2.4926,NOMINAL_LOCAL,0.375,3.0,10.8,1.125,1.8053,2.9303,5.0,7.9303,100.0,97.0697,True,True
WET_SLICK_RAMP_MINUS_8PCT,2.4926,NOMINAL_LOCAL,0.375,3.608,12.99,1.353,2.6113,3.9643,5.0,8.9643,12.0,8.0357,True,True
WET_SLICK_RAMP_MINUS_8PCT,2.4926,NOMINAL_LOCAL,0.375,3.608,12.99,1.353,2.6113,3.9643,5.0,8.9643,25.0,21.0357,True,True
WET_SLICK_RAMP_MINUS_8PCT,2.4926,NOMINAL_LOCAL,0.375,3.608,12.99,1.353,2.6113,3.9643,5.0,8.9643,50.0,46.0357,True,True
WET_SLICK_RAMP_MINUS_8PCT,2.4926,NOMINAL_LOCAL,0.375,3.608,12.99,1.353,2.6113,3.9643,5.0,8.9643,100.0,96.0357,True,True
WET_SLICK_RAMP_MINUS_8PCT,2.4926,NOMINAL_LOCAL,0.375,3.6734,13.22,1.3775,2.7068,4.0843,5.0,9.0843,12.0,7.9157,True,True
WET_SLICK_RAMP_MINUS_8PCT,2.4926,NOMINAL_LOCAL,0.375,3.6734,13.22,1.3775,2.7068,4.0843,5.0,9.0843,25.0,20.9157,True,True
WET_SLICK_RAMP_MINUS_8PCT,2.4926,NOMINAL_LOCAL,0.375,3.6734,13.22,1.3775,2.7068,4.0843,5.0,9.0843,50.0,45.9157,True,True
WET_SLICK_RAMP_MINUS_8PCT,2.4926,NOMINAL_LOCAL,0.375,3.6734,13.22,1.3775,2.7068,4.0843,5.0,9.0843,100.0,95.9157,True,True
WET_SLICK_RAMP_MINUS_8PCT,2.4926,NOMINAL_LOCAL,0.375,4.3815,15.77,1.6431,3.8509,5.494,5.0,10.494,12.0,6.506,True,True
WET_SLICK_RAMP_MINUS_8PCT,2.4926,NOMINAL_LOCAL,0.375,4.3815,15.77,1.6431,3.8509,5.494,5.0,10.494,25.0,19.506,True,True
WET_SLICK_RAMP_MINUS_8PCT,2.4926,NOMINAL_LOCAL,0.375,4.3815,15.77,1.6431,3.8509,5.494,5.0,10.494,50.0,44.506,True,True
WET_SLICK_RAMP_MINUS_8PCT,2.4926,NOMINAL_LOCAL,0.375,4.3815,15.77,1.6431,3.8509,5.494,5.0,10.494,100.0,94.506,True,True
WET_SLICK_RAMP_MINUS_8PCT,2.4926,NOMINAL_LOCAL,0.375,5.0,18.0,1.875,5.0148,6.8898,5.0,11.8898,12.0,5.1102,True,True
WET_SLICK_RAMP_MINUS_8PCT,2.4926,NOMINAL_LOCAL,0.375,5.0,18.0,1.875,5.0148,6.8898,5.0,11.8898,25.0,18.1102,True,True
WET_SLICK_RAMP_MINUS_8PCT,2.4926,NOMINAL_LOCAL,0.375,5.0,18.0,1.875,5.0148,6.8898,5.0,11.8898,50.0,43.1102,True,True
WET_SLICK_RAMP_MINUS_8PCT,2.4926,NOMINAL_LOCAL,0.375,5.0,18.0,1.875,5.0148,6.8898,5.0,11.8898,100.0,93.1102,True,True
WET_SLICK_RAMP_MINUS_8PCT,2.4926,NOMINAL_LOCAL,0.375,5.1158,18.42,1.9184,5.2498,7.1682,5.0,12.1682,12.0,4.8318,False,True
WET_SLICK_RAMP_MINUS_8PCT,2.4926,NOMINAL_LOCAL,0.375,5.1158,18.42,1.9184,5.2498,7.1682,5.0,12.1682,25.0,17.8318,True,True
WET_SLICK_RAMP_MINUS_8PCT,2.4926,NOMINAL_LOCAL,0.375,5.1158,18.42,1.9184,5.2498,7.1682,5.0,12.1682,50.0,42.8318,True,True
WET_SLICK_RAMP_MINUS_8PCT,2.4926,NOMINAL_LOCAL,0.375,5.1158,18.42,1.9184,5.2498,7.1682,5.0,12.1682,100.0,92.8318,True,True
WET_SLICK_RAMP_MINUS_8PCT,2.4926,NOMINAL_LOCAL,0.375,5.256,18.92,1.971,5.5415,7.5125,5.0,12.5125,12.0,4.4875,False,True
WET_SLICK_RAMP_MINUS_8PCT,2.4926,NOMINAL_LOCAL,0.375,5.256,18.92,1.971,5.5415,7.5125,5.0,12.5125,25.0,17.4875,True,True
WET_SLICK_RAMP_MINUS_8PCT,2.4926,NOMINAL_LOCAL,0.375,5.256,18.92,1.971,5.5415,7.5125,5.0,12.5125,50.0,42.4875,True,True
WET_SLICK_RAMP_MINUS_8PCT,2.4926,NOMINAL_LOCAL,0.375,5.256,18.92,1.971,5.5415,7.5125,5.0,12.5125,100.0,92.4875,True,True
WET_SLICK_RAMP_MINUS_8PCT,2.4926,NOMINAL_LOCAL,0.375,5.556,20.0,2.0835,6.1922,8.2757,5.0,13.2757,12.0,3.7243,False,True
WET_SLICK_RAMP_MINUS_8PCT,2.4926,NOMINAL_LOCAL,0.375,5.556,20.0,2.0835,6.1922,8.2757,5.0,13.2757,25.0,16.7243,True,True
WET_SLICK_RAMP_MINUS_8PCT,2.4926,NOMINAL_LOCAL,0.375,5.556,20.0,2.0835,6.1922,8.2757,5.0,13.2757,50.0,41.7243,True,True
WET_SLICK_RAMP_MINUS_8PCT,2.4926,NOMINAL_LOCAL,0.375,5.556,20.0,2.0835,6.1922,8.2757,5.0,13.2757,100.0,91.7243,True,True
WET_SLICK_RAMP_MINUS_8PCT,2.4926,P95_LOCAL,0.412,0.0,0.0,0.0,0.0,0.0,5.0,5.0,12.0,12.0,True,True
WET_SLICK_RAMP_MINUS_8PCT,2.4926,P95_LOCAL,0.412,0.0,0.0,0.0,0.0,0.0,5.0,5.0,25.0,25.0,True,True
WET_SLICK_RAMP_MINUS_8PCT,2.4926,P95_LOCAL,0.412,0.0,0.0,0.0,0.0,0.0,5.0,5.0,50.0,50.0,True,True
WET_SLICK_RAMP_MINUS_8PCT,2.4926,P95_LOCAL,0.412,0.0,0.0,0.0,0.0,0.0,5.0,5.0,100.0,100.0,True,True
WET_SLICK_RAMP_MINUS_8PCT,2.4926,P95_LOCAL,0.412,1.5,5.4,0.618,0.4513,1.0693,5.0,6.0693,12.0,10.9307,True,True
WET_SLICK_RAMP_MINUS_8PCT,2.4926,P95_LOCAL,0.412,1.5,5.4,0.618,0.4513,1.0693,5.0,6.0693,25.0,23.9307,True,True
WET_SLICK_RAMP_MINUS_8PCT,2.4926,P95_LOCAL,0.412,1.5,5.4,0.618,0.4513,1.0693,5.0,6.0693,50.0,48.9307,True,True
WET_SLICK_RAMP_MINUS_8PCT,2.4926,P95_LOCAL,0.412,1.5,5.4,0.618,0.4513,1.0693,5.0,6.0693,100.0,98.9307,True,True
WET_SLICK_RAMP_MINUS_8PCT,2.4926,P95_LOCAL,0.412,3.0,10.8,1.236,1.8053,3.0413,5.0,8.0413,12.0,8.9587,True,True
WET_SLICK_RAMP_MINUS_8PCT,2.4926,P95_LOCAL,0.412,3.0,10.8,1.236,1.8053,3.0413,5.0,8.0413,25.0,21.9587,True,True
WET_SLICK_RAMP_MINUS_8PCT,2.4926,P95_LOCAL,0.412,3.0,10.8,1.236,1.8053,3.0413,5.0,8.0413,50.0,46.9587,True,True
WET_SLICK_RAMP_MINUS_8PCT,2.4926,P95_LOCAL,0.412,3.0,10.8,1.236,1.8053,3.0413,5.0,8.0413,100.0,96.9587,True,True
WET_SLICK_RAMP_MINUS_8PCT,2.4926,P95_LOCAL,0.412,3.608,12.99,1.4865,2.6113,4.0978,5.0,9.0978,12.0,7.9022,True,True
WET_SLICK_RAMP_MINUS_8PCT,2.4926,P95_LOCAL,0.412,3.608,12.99,1.4865,2.6113,4.0978,5.0,9.0978,25.0,20.9022,True,True
WET_SLICK_RAMP_MINUS_8PCT,2.4926,P95_LOCAL,0.412,3.608,12.99,1.4865,2.6113,4.0978,5.0,9.0978,50.0,45.9022,True,True
WET_SLICK_RAMP_MINUS_8PCT,2.4926,P95_LOCAL,0.412,3.608,12.99,1.4865,2.6113,4.0978,5.0,9.0978,100.0,95.9022,True,True
WET_SLICK_RAMP_MINUS_8PCT,2.4926,P95_LOCAL,0.412,3.6734,13.22,1.5134,2.7068,4.2202,5.0,9.2202,12.0,7.7798,True,True
WET_SLICK_RAMP_MINUS_8PCT,2.4926,P95_LOCAL,0.412,3.6734,13.22,1.5134,2.7068,4.2202,5.0,9.2202,25.0,20.7798,True,True
WET_SLICK_RAMP_MINUS_8PCT,2.4926,P95_LOCAL,0.412,3.6734,13.22,1.5134,2.7068,4.2202,5.0,9.2202,50.0,45.7798,True,True
WET_SLICK_RAMP_MINUS_8PCT,2.4926,P95_LOCAL,0.412,3.6734,13.22,1.5134,2.7068,4.2202,5.0,9.2202,100.0,95.7798,True,True
WET_SLICK_RAMP_MINUS_8PCT,2.4926,P95_LOCAL,0.412,4.3815,15.77,1.8052,3.8509,5.6561,5.0,10.6561,12.0,6.3439,True,True
WET_SLICK_RAMP_MINUS_8PCT,2.4926,P95_LOCAL,0.412,4.3815,15.77,1.8052,3.8509,5.6561,5.0,10.6561,25.0,19.3439,True,True
WET_SLICK_RAMP_MINUS_8PCT,2.4926,P95_LOCAL,0.412,4.3815,15.77,1.8052,3.8509,5.6561,5.0,10.6561,50.0,44.3439,True,True
WET_SLICK_RAMP_MINUS_8PCT,2.4926,P95_LOCAL,0.412,4.3815,15.77,1.8052,3.8509,5.6561,5.0,10.6561,100.0,94.3439,True,True
WET_SLICK_RAMP_MINUS_8PCT,2.4926,P95_LOCAL,0.412,5.0,18.0,2.06,5.0148,7.0748,5.0,12.0748,12.0,4.9252,False,True
WET_SLICK_RAMP_MINUS_8PCT,2.4926,P95_LOCAL,0.412,5.0,18.0,2.06,5.0148,7.0748,5.0,12.0748,25.0,17.9252,True,True
WET_SLICK_RAMP_MINUS_8PCT,2.4926,P95_LOCAL,0.412,5.0,18.0,2.06,5.0148,7.0748,5.0,12.0748,50.0,42.9252,True,True
WET_SLICK_RAMP_MINUS_8PCT,2.4926,P95_LOCAL,0.412,5.0,18.0,2.06,5.0148,7.0748,5.0,12.0748,100.0,92.9252,True,True
WET_SLICK_RAMP_MINUS_8PCT,2.4926,P95_LOCAL,0.412,5.1158,18.42,2.1077,5.2498,7.3575,5.0,12.3575,12.0,4.6425,False,True
WET_SLICK_RAMP_MINUS_8PCT,2.4926,P95_LOCAL,0.412,5.1158,18.42,2.1077,5.2498,7.3575,5.0,12.3575,25.0,17.6425,True,True
WET_SLICK_RAMP_MINUS_8PCT,2.4926,P95_LOCAL,0.412,5.1158,18.42,2.1077,5.2498,7.3575,5.0,12.3575,50.0,42.6425,True,True
WET_SLICK_RAMP_MINUS_8PCT,2.4926,P95_LOCAL,0.412,5.1158,18.42,2.1077,5.2498,7.3575,5.0,12.3575,100.0,92.6425,True,True
WET_SLICK_RAMP_MINUS_8PCT,2.4926,P95_LOCAL,0.412,5.256,18.92,2.1655,5.5415,7.707,5.0,12.707,12.0,4.293,False,True
WET_SLICK_RAMP_MINUS_8PCT,2.4926,P95_LOCAL,0.412,5.256,18.92,2.1655,5.5415,7.707,5.0,12.707,25.0,17.293,True,True
WET_SLICK_RAMP_MINUS_8PCT,2.4926,P95_LOCAL,0.412,5.256,18.92,2.1655,5.5415,7.707,5.0,12.707,50.0,42.293,True,True
WET_SLICK_RAMP_MINUS_8PCT,2.4926,P95_LOCAL,0.412,5.256,18.92,2.1655,5.5415,7.707,5.0,12.707,100.0,92.293,True,True
WET_SLICK_RAMP_MINUS_8PCT,2.4926,P95_LOCAL,0.412,5.556,20.0,2.2891,6.1922,8.4812,5.0,13.4812,12.0,3.5188,False,True
WET_SLICK_RAMP_MINUS_8PCT,2.4926,P95_LOCAL,0.412,5.556,20.0,2.2891,6.1922,8.4812,5.0,13.4812,25.0,16.5188,True,True
WET_SLICK_RAMP_MINUS_8PCT,2.4926,P95_LOCAL,0.412,5.556,20.0,2.2891,6.1922,8.4812,5.0,13.4812,50.0,41.5188,True,True
WET_SLICK_RAMP_MINUS_8PCT,2.4926,P95_LOCAL,0.412,5.556,20.0,2.2891,6.1922,8.4812,5.0,13.4812,100.0,91.5188,True,True
WET_SLICK_RAMP_MINUS_8PCT,2.4926,P99_LOCAL,0.4371,0.0,0.0,0.0,0.0,0.0,5.0,5.0,12.0,12.0,True,True
WET_SLICK_RAMP_MINUS_8PCT,2.4926,P99_LOCAL,0.4371,0.0,0.0,0.0,0.0,0.0,5.0,5.0,25.0,25.0,True,True
WET_SLICK_RAMP_MINUS_8PCT,2.4926,P99_LOCAL,0.4371,0.0,0.0,0.0,0.0,0.0,5.0,5.0,50.0,50.0,True,True
WET_SLICK_RAMP_MINUS_8PCT,2.4926,P99_LOCAL,0.4371,0.0,0.0,0.0,0.0,0.0,5.0,5.0,100.0,100.0,True,True
WET_SLICK_RAMP_MINUS_8PCT,2.4926,P99_LOCAL,0.4371,1.5,5.4,0.6556,0.4513,1.107,5.0,6.107,12.0,10.893,True,True
WET_SLICK_RAMP_MINUS_8PCT,2.4926,P99_LOCAL,0.4371,1.5,5.4,0.6556,0.4513,1.107,5.0,6.107,25.0,23.893,True,True
WET_SLICK_RAMP_MINUS_8PCT,2.4926,P99_LOCAL,0.4371,1.5,5.4,0.6556,0.4513,1.107,5.0,6.107,50.0,48.893,True,True
WET_SLICK_RAMP_MINUS_8PCT,2.4926,P99_LOCAL,0.4371,1.5,5.4,0.6556,0.4513,1.107,5.0,6.107,100.0,98.893,True,True
WET_SLICK_RAMP_MINUS_8PCT,2.4926,P99_LOCAL,0.4371,3.0,10.8,1.3113,1.8053,3.1166,5.0,8.1166,12.0,8.8834,True,True
WET_SLICK_RAMP_MINUS_8PCT,2.4926,P99_LOCAL,0.4371,3.0,10.8,1.3113,1.8053,3.1166,5.0,8.1166,25.0,21.8834,True,True
WET_SLICK_RAMP_MINUS_8PCT,2.4926,P99_LOCAL,0.4371,3.0,10.8,1.3113,1.8053,3.1166,5.0,8.1166,50.0,46.8834,True,True
WET_SLICK_RAMP_MINUS_8PCT,2.4926,P99_LOCAL,0.4371,3.0,10.8,1.3113,1.8053,3.1166,5.0,8.1166,100.0,96.8834,True,True
WET_SLICK_RAMP_MINUS_8PCT,2.4926,P99_LOCAL,0.4371,3.608,12.99,1.5771,2.6113,4.1883,5.0,9.1883,12.0,7.8117,True,True
WET_SLICK_RAMP_MINUS_8PCT,2.4926,P99_LOCAL,0.4371,3.608,12.99,1.5771,2.6113,4.1883,5.0,9.1883,25.0,20.8117,True,True
WET_SLICK_RAMP_MINUS_8PCT,2.4926,P99_LOCAL,0.4371,3.608,12.99,1.5771,2.6113,4.1883,5.0,9.1883,50.0,45.8117,True,True
WET_SLICK_RAMP_MINUS_8PCT,2.4926,P99_LOCAL,0.4371,3.608,12.99,1.5771,2.6113,4.1883,5.0,9.1883,100.0,95.8117,True,True
WET_SLICK_RAMP_MINUS_8PCT,2.4926,P99_LOCAL,0.4371,3.6734,13.22,1.6056,2.7068,4.3124,5.0,9.3124,12.0,7.6876,True,True
WET_SLICK_RAMP_MINUS_8PCT,2.4926,P99_LOCAL,0.4371,3.6734,13.22,1.6056,2.7068,4.3124,5.0,9.3124,25.0,20.6876,True,True
WET_SLICK_RAMP_MINUS_8PCT,2.4926,P99_LOCAL,0.4371,3.6734,13.22,1.6056,2.7068,4.3124,5.0,9.3124,50.0,45.6876,True,True
WET_SLICK_RAMP_MINUS_8PCT,2.4926,P99_LOCAL,0.4371,3.6734,13.22,1.6056,2.7068,4.3124,5.0,9.3124,100.0,95.6876,True,True
WET_SLICK_RAMP_MINUS_8PCT,2.4926,P99_LOCAL,0.4371,4.3815,15.77,1.9152,3.8509,5.7661,5.0,10.7661,12.0,6.2339,True,True
WET_SLICK_RAMP_MINUS_8PCT,2.4926,P99_LOCAL,0.4371,4.3815,15.77,1.9152,3.8509,5.7661,5.0,10.7661,25.0,19.2339,True,True
WET_SLICK_RAMP_MINUS_8PCT,2.4926,P99_LOCAL,0.4371,4.3815,15.77,1.9152,3.8509,5.7661,5.0,10.7661,50.0,44.2339,True,True
WET_SLICK_RAMP_MINUS_8PCT,2.4926,P99_LOCAL,0.4371,4.3815,15.77,1.9152,3.8509,5.7661,5.0,10.7661,100.0,94.2339,True,True
WET_SLICK_RAMP_MINUS_8PCT,2.4926,P99_LOCAL,0.4371,5.0,18.0,2.1855,5.0148,7.2003,5.0,12.2003,12.0,4.7997,False,True
WET_SLICK_RAMP_MINUS_8PCT,2.4926,P99_LOCAL,0.4371,5.0,18.0,2.1855,5.0148,7.2003,5.0,12.2003,25.0,17.7997,True,True
WET_SLICK_RAMP_MINUS_8PCT,2.4926,P99_LOCAL,0.4371,5.0,18.0,2.1855,5.0148,7.2003,5.0,12.2003,50.0,42.7997,True,True
WET_SLICK_RAMP_MINUS_8PCT,2.4926,P99_LOCAL,0.4371,5.0,18.0,2.1855,5.0148,7.2003,5.0,12.2003,100.0,92.7997,True,True
WET_SLICK_RAMP_MINUS_8PCT,2.4926,P99_LOCAL,0.4371,5.1158,18.42,2.2361,5.2498,7.4859,5.0,12.4859,12.0,4.5141,False,True
WET_SLICK_RAMP_MINUS_8PCT,2.4926,P99_LOCAL,0.4371,5.1158,18.42,2.2361,5.2498,7.4859,5.0,12.4859,25.0,17.5141,True,True
WET_SLICK_RAMP_MINUS_8PCT,2.4926,P99_LOCAL,0.4371,5.1158,18.42,2.2361,5.2498,7.4859,5.0,12.4859,50.0,42.5141,True,True
WET_SLICK_RAMP_MINUS_8PCT,2.4926,P99_LOCAL,0.4371,5.1158,18.42,2.2361,5.2498,7.4859,5.0,12.4859,100.0,92.5141,True,True
WET_SLICK_RAMP_MINUS_8PCT,2.4926,P99_LOCAL,0.4371,5.256,18.92,2.2974,5.5415,7.8389,5.0,12.8389,12.0,4.1611,False,True
WET_SLICK_RAMP_MINUS_8PCT,2.4926,P99_LOCAL,0.4371,5.256,18.92,2.2974,5.5415,7.8389,5.0,12.8389,25.0,17.1611,True,True
WET_SLICK_RAMP_MINUS_8PCT,2.4926,P99_LOCAL,0.4371,5.256,18.92,2.2974,5.5415,7.8389,5.0,12.8389,50.0,42.1611,True,True
WET_SLICK_RAMP_MINUS_8PCT,2.4926,P99_LOCAL,0.4371,5.256,18.92,2.2974,5.5415,7.8389,5.0,12.8389,100.0,92.1611,True,True
WET_SLICK_RAMP_MINUS_8PCT,2.4926,P99_LOCAL,0.4371,5.556,20.0,2.4285,6.1922,8.6207,5.0,13.6207,12.0,3.3793,False,True
WET_SLICK_RAMP_MINUS_8PCT,2.4926,P99_LOCAL,0.4371,5.556,20.0,2.4285,6.1922,8.6207,5.0,13.6207,25.0,16.3793,True,True
WET_SLICK_RAMP_MINUS_8PCT,2.4926,P99_LOCAL,0.4371,5.556,20.0,2.4285,6.1922,8.6207,5.0,13.6207,50.0,41.3793,True,True
WET_SLICK_RAMP_MINUS_8PCT,2.4926,P99_LOCAL,0.4371,5.556,20.0,2.4285,6.1922,8.6207,5.0,13.6207,100.0,91.3793,True,True
WET_SLICK_RAMP_MINUS_8PCT,2.4926,WORST_LOCAL,0.475,0.0,0.0,0.0,0.0,0.0,5.0,5.0,12.0,12.0,True,True
WET_SLICK_RAMP_MINUS_8PCT,2.4926,WORST_LOCAL,0.475,0.0,0.0,0.0,0.0,0.0,5.0,5.0,25.0,25.0,True,True
WET_SLICK_RAMP_MINUS_8PCT,2.4926,WORST_LOCAL,0.475,0.0,0.0,0.0,0.0,0.0,5.0,5.0,50.0,50.0,True,True
WET_SLICK_RAMP_MINUS_8PCT,2.4926,WORST_LOCAL,0.475,0.0,0.0,0.0,0.0,0.0,5.0,5.0,100.0,100.0,True,True
WET_SLICK_RAMP_MINUS_8PCT,2.4926,WORST_LOCAL,0.475,1.5,5.4,0.7125,0.4513,1.1638,5.0,6.1638,12.0,10.8362,True,True
WET_SLICK_RAMP_MINUS_8PCT,2.4926,WORST_LOCAL,0.475,1.5,5.4,0.7125,0.4513,1.1638,5.0,6.1638,25.0,23.8362,True,True
WET_SLICK_RAMP_MINUS_8PCT,2.4926,WORST_LOCAL,0.475,1.5,5.4,0.7125,0.4513,1.1638,5.0,6.1638,50.0,48.8362,True,True
WET_SLICK_RAMP_MINUS_8PCT,2.4926,WORST_LOCAL,0.475,1.5,5.4,0.7125,0.4513,1.1638,5.0,6.1638,100.0,98.8362,True,True
WET_SLICK_RAMP_MINUS_8PCT,2.4926,WORST_LOCAL,0.475,3.0,10.8,1.425,1.8053,3.2303,5.0,8.2303,12.0,8.7697,True,True
WET_SLICK_RAMP_MINUS_8PCT,2.4926,WORST_LOCAL,0.475,3.0,10.8,1.425,1.8053,3.2303,5.0,8.2303,25.0,21.7697,True,True
WET_SLICK_RAMP_MINUS_8PCT,2.4926,WORST_LOCAL,0.475,3.0,10.8,1.425,1.8053,3.2303,5.0,8.2303,50.0,46.7697,True,True
WET_SLICK_RAMP_MINUS_8PCT,2.4926,WORST_LOCAL,0.475,3.0,10.8,1.425,1.8053,3.2303,5.0,8.2303,100.0,96.7697,True,True
WET_SLICK_RAMP_MINUS_8PCT,2.4926,WORST_LOCAL,0.475,3.608,12.99,1.7138,2.6113,4.3251,5.0,9.3251,12.0,7.6749,True,True
WET_SLICK_RAMP_MINUS_8PCT,2.4926,WORST_LOCAL,0.475,3.608,12.99,1.7138,2.6113,4.3251,5.0,9.3251,25.0,20.6749,True,True
WET_SLICK_RAMP_MINUS_8PCT,2.4926,WORST_LOCAL,0.475,3.608,12.99,1.7138,2.6113,4.3251,5.0,9.3251,50.0,45.6749,True,True
WET_SLICK_RAMP_MINUS_8PCT,2.4926,WORST_LOCAL,0.475,3.608,12.99,1.7138,2.6113,4.3251,5.0,9.3251,100.0,95.6749,True,True
WET_SLICK_RAMP_MINUS_8PCT,2.4926,WORST_LOCAL,0.475,3.6734,13.22,1.7449,2.7068,4.4517,5.0,9.4517,12.0,7.5483,True,True
WET_SLICK_RAMP_MINUS_8PCT,2.4926,WORST_LOCAL,0.475,3.6734,13.22,1.7449,2.7068,4.4517,5.0,9.4517,25.0,20.5483,True,True
WET_SLICK_RAMP_MINUS_8PCT,2.4926,WORST_LOCAL,0.475,3.6734,13.22,1.7449,2.7068,4.4517,5.0,9.4517,50.0,45.5483,True,True
WET_SLICK_RAMP_MINUS_8PCT,2.4926,WORST_LOCAL,0.475,3.6734,13.22,1.7449,2.7068,4.4517,5.0,9.4517,100.0,95.5483,True,True
WET_SLICK_RAMP_MINUS_8PCT,2.4926,WORST_LOCAL,0.475,4.3815,15.77,2.0812,3.8509,5.9321,5.0,10.9321,12.0,6.0679,True,True
WET_SLICK_RAMP_MINUS_8PCT,2.4926,WORST_LOCAL,0.475,4.3815,15.77,2.0812,3.8509,5.9321,5.0,10.9321,25.0,19.0679,True,True
WET_SLICK_RAMP_MINUS_8PCT,2.4926,WORST_LOCAL,0.475,4.3815,15.77,2.0812,3.8509,5.9321,5.0,10.9321,50.0,44.0679,True,True
WET_SLICK_RAMP_MINUS_8PCT,2.4926,WORST_LOCAL,0.475,4.3815,15.77,2.0812,3.8509,5.9321,5.0,10.9321,100.0,94.0679,True,True
WET_SLICK_RAMP_MINUS_8PCT,2.4926,WORST_LOCAL,0.475,5.0,18.0,2.375,5.0148,7.3898,5.0,12.3898,12.0,4.6102,False,True
WET_SLICK_RAMP_MINUS_8PCT,2.4926,WORST_LOCAL,0.475,5.0,18.0,2.375,5.0148,7.3898,5.0,12.3898,25.0,17.6102,True,True
WET_SLICK_RAMP_MINUS_8PCT,2.4926,WORST_LOCAL,0.475,5.0,18.0,2.375,5.0148,7.3898,5.0,12.3898,50.0,42.6102,True,True
WET_SLICK_RAMP_MINUS_8PCT,2.4926,WORST_LOCAL,0.475,5.0,18.0,2.375,5.0148,7.3898,5.0,12.3898,100.0,92.6102,True,True
WET_SLICK_RAMP_MINUS_8PCT,2.4926,WORST_LOCAL,0.475,5.1158,18.42,2.43,5.2498,7.6798,5.0,12.6798,12.0,4.3202,False,True
WET_SLICK_RAMP_MINUS_8PCT,2.4926,WORST_LOCAL,0.475,5.1158,18.42,2.43,5.2498,7.6798,5.0,12.6798,25.0,17.3202,True,True
WET_SLICK_RAMP_MINUS_8PCT,2.4926,WORST_LOCAL,0.475,5.1158,18.42,2.43,5.2498,7.6798,5.0,12.6798,50.0,42.3202,True,True
WET_SLICK_RAMP_MINUS_8PCT,2.4926,WORST_LOCAL,0.475,5.1158,18.42,2.43,5.2498,7.6798,5.0,12.6798,100.0,92.3202,True,True
WET_SLICK_RAMP_MINUS_8PCT,2.4926,WORST_LOCAL,0.475,5.256,18.92,2.4966,5.5415,8.0381,5.0,13.0381,12.0,3.9619,False,True
WET_SLICK_RAMP_MINUS_8PCT,2.4926,WORST_LOCAL,0.475,5.256,18.92,2.4966,5.5415,8.0381,5.0,13.0381,25.0,16.9619,True,True
WET_SLICK_RAMP_MINUS_8PCT,2.4926,WORST_LOCAL,0.475,5.256,18.92,2.4966,5.5415,8.0381,5.0,13.0381,50.0,41.9619,True,True
WET_SLICK_RAMP_MINUS_8PCT,2.4926,WORST_LOCAL,0.475,5.256,18.92,2.4966,5.5415,8.0381,5.0,13.0381,100.0,91.9619,True,True
WET_SLICK_RAMP_MINUS_8PCT,2.4926,WORST_LOCAL,0.475,5.556,20.0,2.6391,6.1922,8.8313,5.0,13.8313,12.0,3.1687,False,True
WET_SLICK_RAMP_MINUS_8PCT,2.4926,WORST_LOCAL,0.475,5.556,20.0,2.6391,6.1922,8.8313,5.0,13.8313,25.0,16.1687,True,True
WET_SLICK_RAMP_MINUS_8PCT,2.4926,WORST_LOCAL,0.475,5.556,20.0,2.6391,6.1922,8.8313,5.0,13.8313,50.0,41.1687,True,True
WET_SLICK_RAMP_MINUS_8PCT,2.4926,WORST_LOCAL,0.475,5.556,20.0,2.6391,6.1922,8.8313,5.0,13.8313,100.0,91.1687,True,True
NOMINAL_WET_RAMP_MINUS_8PCT,2.7466,NOMINAL_LOCAL,0.375,0.0,0.0,0.0,0.0,0.0,5.0,5.0,12.0,12.0,True,True
NOMINAL_WET_RAMP_MINUS_8PCT,2.7466,NOMINAL_LOCAL,0.375,0.0,0.0,0.0,0.0,0.0,5.0,5.0,25.0,25.0,True,True
NOMINAL_WET_RAMP_MINUS_8PCT,2.7466,NOMINAL_LOCAL,0.375,0.0,0.0,0.0,0.0,0.0,5.0,5.0,50.0,50.0,True,True
NOMINAL_WET_RAMP_MINUS_8PCT,2.7466,NOMINAL_LOCAL,0.375,0.0,0.0,0.0,0.0,0.0,5.0,5.0,100.0,100.0,True,True
NOMINAL_WET_RAMP_MINUS_8PCT,2.7466,NOMINAL_LOCAL,0.375,1.5,5.4,0.5625,0.4096,0.9721,5.0,5.9721,12.0,11.0279,True,True
NOMINAL_WET_RAMP_MINUS_8PCT,2.7466,NOMINAL_LOCAL,0.375,1.5,5.4,0.5625,0.4096,0.9721,5.0,5.9721,25.0,24.0279,True,True
NOMINAL_WET_RAMP_MINUS_8PCT,2.7466,NOMINAL_LOCAL,0.375,1.5,5.4,0.5625,0.4096,0.9721,5.0,5.9721,50.0,49.0279,True,True
NOMINAL_WET_RAMP_MINUS_8PCT,2.7466,NOMINAL_LOCAL,0.375,1.5,5.4,0.5625,0.4096,0.9721,5.0,5.9721,100.0,99.0279,True,True
NOMINAL_WET_RAMP_MINUS_8PCT,2.7466,NOMINAL_LOCAL,0.375,3.0,10.8,1.125,1.6384,2.7634,5.0,7.7634,12.0,9.2366,True,True
NOMINAL_WET_RAMP_MINUS_8PCT,2.7466,NOMINAL_LOCAL,0.375,3.0,10.8,1.125,1.6384,2.7634,5.0,7.7634,25.0,22.2366,True,True
NOMINAL_WET_RAMP_MINUS_8PCT,2.7466,NOMINAL_LOCAL,0.375,3.0,10.8,1.125,1.6384,2.7634,5.0,7.7634,50.0,47.2366,True,True
NOMINAL_WET_RAMP_MINUS_8PCT,2.7466,NOMINAL_LOCAL,0.375,3.0,10.8,1.125,1.6384,2.7634,5.0,7.7634,100.0,97.2366,True,True
NOMINAL_WET_RAMP_MINUS_8PCT,2.7466,NOMINAL_LOCAL,0.375,3.608,12.99,1.353,2.3698,3.7228,5.0,8.7228,12.0,8.2772,True,True
NOMINAL_WET_RAMP_MINUS_8PCT,2.7466,NOMINAL_LOCAL,0.375,3.608,12.99,1.353,2.3698,3.7228,5.0,8.7228,25.0,21.2772,True,True
NOMINAL_WET_RAMP_MINUS_8PCT,2.7466,NOMINAL_LOCAL,0.375,3.608,12.99,1.353,2.3698,3.7228,5.0,8.7228,50.0,46.2772,True,True
NOMINAL_WET_RAMP_MINUS_8PCT,2.7466,NOMINAL_LOCAL,0.375,3.608,12.99,1.353,2.3698,3.7228,5.0,8.7228,100.0,96.2772,True,True
NOMINAL_WET_RAMP_MINUS_8PCT,2.7466,NOMINAL_LOCAL,0.375,3.6734,13.22,1.3775,2.4565,3.834,5.0,8.834,12.0,8.166,True,True
NOMINAL_WET_RAMP_MINUS_8PCT,2.7466,NOMINAL_LOCAL,0.375,3.6734,13.22,1.3775,2.4565,3.834,5.0,8.834,25.0,21.166,True,True
NOMINAL_WET_RAMP_MINUS_8PCT,2.7466,NOMINAL_LOCAL,0.375,3.6734,13.22,1.3775,2.4565,3.834,5.0,8.834,50.0,46.166,True,True
NOMINAL_WET_RAMP_MINUS_8PCT,2.7466,NOMINAL_LOCAL,0.375,3.6734,13.22,1.3775,2.4565,3.834,5.0,8.834,100.0,96.166,True,True
NOMINAL_WET_RAMP_MINUS_8PCT,2.7466,NOMINAL_LOCAL,0.375,4.3815,15.77,1.6431,3.4948,5.1378,5.0,10.1378,12.0,6.8622,True,True
NOMINAL_WET_RAMP_MINUS_8PCT,2.7466,NOMINAL_LOCAL,0.375,4.3815,15.77,1.6431,3.4948,5.1378,5.0,10.1378,25.0,19.8622,True,True
NOMINAL_WET_RAMP_MINUS_8PCT,2.7466,NOMINAL_LOCAL,0.375,4.3815,15.77,1.6431,3.4948,5.1378,5.0,10.1378,50.0,44.8622,True,True
NOMINAL_WET_RAMP_MINUS_8PCT,2.7466,NOMINAL_LOCAL,0.375,4.3815,15.77,1.6431,3.4948,5.1378,5.0,10.1378,100.0,94.8622,True,True
NOMINAL_WET_RAMP_MINUS_8PCT,2.7466,NOMINAL_LOCAL,0.375,5.0,18.0,1.875,4.5511,6.4261,5.0,11.4261,12.0,5.5739,True,True
NOMINAL_WET_RAMP_MINUS_8PCT,2.7466,NOMINAL_LOCAL,0.375,5.0,18.0,1.875,4.5511,6.4261,5.0,11.4261,25.0,18.5739,True,True
NOMINAL_WET_RAMP_MINUS_8PCT,2.7466,NOMINAL_LOCAL,0.375,5.0,18.0,1.875,4.5511,6.4261,5.0,11.4261,50.0,43.5739,True,True
NOMINAL_WET_RAMP_MINUS_8PCT,2.7466,NOMINAL_LOCAL,0.375,5.0,18.0,1.875,4.5511,6.4261,5.0,11.4261,100.0,93.5739,True,True
NOMINAL_WET_RAMP_MINUS_8PCT,2.7466,NOMINAL_LOCAL,0.375,5.1158,18.42,1.9184,4.7643,6.6828,5.0,11.6828,12.0,5.3172,True,True
NOMINAL_WET_RAMP_MINUS_8PCT,2.7466,NOMINAL_LOCAL,0.375,5.1158,18.42,1.9184,4.7643,6.6828,5.0,11.6828,25.0,18.3172,True,True
NOMINAL_WET_RAMP_MINUS_8PCT,2.7466,NOMINAL_LOCAL,0.375,5.1158,18.42,1.9184,4.7643,6.6828,5.0,11.6828,50.0,43.3172,True,True
NOMINAL_WET_RAMP_MINUS_8PCT,2.7466,NOMINAL_LOCAL,0.375,5.1158,18.42,1.9184,4.7643,6.6828,5.0,11.6828,100.0,93.3172,True,True
NOMINAL_WET_RAMP_MINUS_8PCT,2.7466,NOMINAL_LOCAL,0.375,5.256,18.92,1.971,5.029,7.0,5.0,12.0,12.0,5.0,False,True
NOMINAL_WET_RAMP_MINUS_8PCT,2.7466,NOMINAL_LOCAL,0.375,5.256,18.92,1.971,5.029,7.0,5.0,12.0,25.0,18.0,True,True
NOMINAL_WET_RAMP_MINUS_8PCT,2.7466,NOMINAL_LOCAL,0.375,5.256,18.92,1.971,5.029,7.0,5.0,12.0,50.0,43.0,True,True
NOMINAL_WET_RAMP_MINUS_8PCT,2.7466,NOMINAL_LOCAL,0.375,5.256,18.92,1.971,5.029,7.0,5.0,12.0,100.0,93.0,True,True
NOMINAL_WET_RAMP_MINUS_8PCT,2.7466,NOMINAL_LOCAL,0.375,5.556,20.0,2.0835,5.6195,7.703,5.0,12.703,12.0,4.297,False,True
NOMINAL_WET_RAMP_MINUS_8PCT,2.7466,NOMINAL_LOCAL,0.375,5.556,20.0,2.0835,5.6195,7.703,5.0,12.703,25.0,17.297,True,True
NOMINAL_WET_RAMP_MINUS_8PCT,2.7466,NOMINAL_LOCAL,0.375,5.556,20.0,2.0835,5.6195,7.703,5.0,12.703,50.0,42.297,True,True
NOMINAL_WET_RAMP_MINUS_8PCT,2.7466,NOMINAL_LOCAL,0.375,5.556,20.0,2.0835,5.6195,7.703,5.0,12.703,100.0,92.297,True,True
NOMINAL_WET_RAMP_MINUS_8PCT,2.7466,P95_LOCAL,0.412,0.0,0.0,0.0,0.0,0.0,5.0,5.0,12.0,12.0,True,True
NOMINAL_WET_RAMP_MINUS_8PCT,2.7466,P95_LOCAL,0.412,0.0,0.0,0.0,0.0,0.0,5.0,5.0,25.0,25.0,True,True
NOMINAL_WET_RAMP_MINUS_8PCT,2.7466,P95_LOCAL,0.412,0.0,0.0,0.0,0.0,0.0,5.0,5.0,50.0,50.0,True,True
NOMINAL_WET_RAMP_MINUS_8PCT,2.7466,P95_LOCAL,0.412,0.0,0.0,0.0,0.0,0.0,5.0,5.0,100.0,100.0,True,True
NOMINAL_WET_RAMP_MINUS_8PCT,2.7466,P95_LOCAL,0.412,1.5,5.4,0.618,0.4096,1.0276,5.0,6.0276,12.0,10.9724,True,True
NOMINAL_WET_RAMP_MINUS_8PCT,2.7466,P95_LOCAL,0.412,1.5,5.4,0.618,0.4096,1.0276,5.0,6.0276,25.0,23.9724,True,True
NOMINAL_WET_RAMP_MINUS_8PCT,2.7466,P95_LOCAL,0.412,1.5,5.4,0.618,0.4096,1.0276,5.0,6.0276,50.0,48.9724,True,True
NOMINAL_WET_RAMP_MINUS_8PCT,2.7466,P95_LOCAL,0.412,1.5,5.4,0.618,0.4096,1.0276,5.0,6.0276,100.0,98.9724,True,True
NOMINAL_WET_RAMP_MINUS_8PCT,2.7466,P95_LOCAL,0.412,3.0,10.8,1.236,1.6384,2.8744,5.0,7.8744,12.0,9.1256,True,True
NOMINAL_WET_RAMP_MINUS_8PCT,2.7466,P95_LOCAL,0.412,3.0,10.8,1.236,1.6384,2.8744,5.0,7.8744,25.0,22.1256,True,True
NOMINAL_WET_RAMP_MINUS_8PCT,2.7466,P95_LOCAL,0.412,3.0,10.8,1.236,1.6384,2.8744,5.0,7.8744,50.0,47.1256,True,True
NOMINAL_WET_RAMP_MINUS_8PCT,2.7466,P95_LOCAL,0.412,3.0,10.8,1.236,1.6384,2.8744,5.0,7.8744,100.0,97.1256,True,True
NOMINAL_WET_RAMP_MINUS_8PCT,2.7466,P95_LOCAL,0.412,3.608,12.99,1.4865,2.3698,3.8563,5.0,8.8563,12.0,8.1437,True,True
NOMINAL_WET_RAMP_MINUS_8PCT,2.7466,P95_LOCAL,0.412,3.608,12.99,1.4865,2.3698,3.8563,5.0,8.8563,25.0,21.1437,True,True
NOMINAL_WET_RAMP_MINUS_8PCT,2.7466,P95_LOCAL,0.412,3.608,12.99,1.4865,2.3698,3.8563,5.0,8.8563,50.0,46.1437,True,True
NOMINAL_WET_RAMP_MINUS_8PCT,2.7466,P95_LOCAL,0.412,3.608,12.99,1.4865,2.3698,3.8563,5.0,8.8563,100.0,96.1437,True,True
NOMINAL_WET_RAMP_MINUS_8PCT,2.7466,P95_LOCAL,0.412,3.6734,13.22,1.5134,2.4565,3.9699,5.0,8.9699,12.0,8.0301,True,True
NOMINAL_WET_RAMP_MINUS_8PCT,2.7466,P95_LOCAL,0.412,3.6734,13.22,1.5134,2.4565,3.9699,5.0,8.9699,25.0,21.0301,True,True
NOMINAL_WET_RAMP_MINUS_8PCT,2.7466,P95_LOCAL,0.412,3.6734,13.22,1.5134,2.4565,3.9699,5.0,8.9699,50.0,46.0301,True,True
NOMINAL_WET_RAMP_MINUS_8PCT,2.7466,P95_LOCAL,0.412,3.6734,13.22,1.5134,2.4565,3.9699,5.0,8.9699,100.0,96.0301,True,True
NOMINAL_WET_RAMP_MINUS_8PCT,2.7466,P95_LOCAL,0.412,4.3815,15.77,1.8052,3.4948,5.3,5.0,10.3,12.0,6.7,True,True
NOMINAL_WET_RAMP_MINUS_8PCT,2.7466,P95_LOCAL,0.412,4.3815,15.77,1.8052,3.4948,5.3,5.0,10.3,25.0,19.7,True,True
NOMINAL_WET_RAMP_MINUS_8PCT,2.7466,P95_LOCAL,0.412,4.3815,15.77,1.8052,3.4948,5.3,5.0,10.3,50.0,44.7,True,True
NOMINAL_WET_RAMP_MINUS_8PCT,2.7466,P95_LOCAL,0.412,4.3815,15.77,1.8052,3.4948,5.3,5.0,10.3,100.0,94.7,True,True
NOMINAL_WET_RAMP_MINUS_8PCT,2.7466,P95_LOCAL,0.412,5.0,18.0,2.06,4.5511,6.6111,5.0,11.6111,12.0,5.3889,True,True
NOMINAL_WET_RAMP_MINUS_8PCT,2.7466,P95_LOCAL,0.412,5.0,18.0,2.06,4.5511,6.6111,5.0,11.6111,25.0,18.3889,True,True
NOMINAL_WET_RAMP_MINUS_8PCT,2.7466,P95_LOCAL,0.412,5.0,18.0,2.06,4.5511,6.6111,5.0,11.6111,50.0,43.3889,True,True
NOMINAL_WET_RAMP_MINUS_8PCT,2.7466,P95_LOCAL,0.412,5.0,18.0,2.06,4.5511,6.6111,5.0,11.6111,100.0,93.3889,True,True
NOMINAL_WET_RAMP_MINUS_8PCT,2.7466,P95_LOCAL,0.412,5.1158,18.42,2.1077,4.7643,6.872,5.0,11.872,12.0,5.128,True,True
NOMINAL_WET_RAMP_MINUS_8PCT,2.7466,P95_LOCAL,0.412,5.1158,18.42,2.1077,4.7643,6.872,5.0,11.872,25.0,18.128,True,True
NOMINAL_WET_RAMP_MINUS_8PCT,2.7466,P95_LOCAL,0.412,5.1158,18.42,2.1077,4.7643,6.872,5.0,11.872,50.0,43.128,True,True
NOMINAL_WET_RAMP_MINUS_8PCT,2.7466,P95_LOCAL,0.412,5.1158,18.42,2.1077,4.7643,6.872,5.0,11.872,100.0,93.128,True,True
NOMINAL_WET_RAMP_MINUS_8PCT,2.7466,P95_LOCAL,0.412,5.256,18.92,2.1655,5.029,7.1945,5.0,12.1945,12.0,4.8055,False,True
NOMINAL_WET_RAMP_MINUS_8PCT,2.7466,P95_LOCAL,0.412,5.256,18.92,2.1655,5.029,7.1945,5.0,12.1945,25.0,17.8055,True,True
NOMINAL_WET_RAMP_MINUS_8PCT,2.7466,P95_LOCAL,0.412,5.256,18.92,2.1655,5.029,7.1945,5.0,12.1945,50.0,42.8055,True,True
NOMINAL_WET_RAMP_MINUS_8PCT,2.7466,P95_LOCAL,0.412,5.256,18.92,2.1655,5.029,7.1945,5.0,12.1945,100.0,92.8055,True,True
NOMINAL_WET_RAMP_MINUS_8PCT,2.7466,P95_LOCAL,0.412,5.556,20.0,2.2891,5.6195,7.9086,5.0,12.9086,12.0,4.0914,False,True
NOMINAL_WET_RAMP_MINUS_8PCT,2.7466,P95_LOCAL,0.412,5.556,20.0,2.2891,5.6195,7.9086,5.0,12.9086,25.0,17.0914,True,True
NOMINAL_WET_RAMP_MINUS_8PCT,2.7466,P95_LOCAL,0.412,5.556,20.0,2.2891,5.6195,7.9086,5.0,12.9086,50.0,42.0914,True,True
NOMINAL_WET_RAMP_MINUS_8PCT,2.7466,P95_LOCAL,0.412,5.556,20.0,2.2891,5.6195,7.9086,5.0,12.9086,100.0,92.0914,True,True
NOMINAL_WET_RAMP_MINUS_8PCT,2.7466,P99_LOCAL,0.4371,0.0,0.0,0.0,0.0,0.0,5.0,5.0,12.0,12.0,True,True
NOMINAL_WET_RAMP_MINUS_8PCT,2.7466,P99_LOCAL,0.4371,0.0,0.0,0.0,0.0,0.0,5.0,5.0,25.0,25.0,True,True
NOMINAL_WET_RAMP_MINUS_8PCT,2.7466,P99_LOCAL,0.4371,0.0,0.0,0.0,0.0,0.0,5.0,5.0,50.0,50.0,True,True
NOMINAL_WET_RAMP_MINUS_8PCT,2.7466,P99_LOCAL,0.4371,0.0,0.0,0.0,0.0,0.0,5.0,5.0,100.0,100.0,True,True
NOMINAL_WET_RAMP_MINUS_8PCT,2.7466,P99_LOCAL,0.4371,1.5,5.4,0.6556,0.4096,1.0652,5.0,6.0652,12.0,10.9348,True,True
NOMINAL_WET_RAMP_MINUS_8PCT,2.7466,P99_LOCAL,0.4371,1.5,5.4,0.6556,0.4096,1.0652,5.0,6.0652,25.0,23.9348,True,True
NOMINAL_WET_RAMP_MINUS_8PCT,2.7466,P99_LOCAL,0.4371,1.5,5.4,0.6556,0.4096,1.0652,5.0,6.0652,50.0,48.9348,True,True
NOMINAL_WET_RAMP_MINUS_8PCT,2.7466,P99_LOCAL,0.4371,1.5,5.4,0.6556,0.4096,1.0652,5.0,6.0652,100.0,98.9348,True,True
NOMINAL_WET_RAMP_MINUS_8PCT,2.7466,P99_LOCAL,0.4371,3.0,10.8,1.3113,1.6384,2.9497,5.0,7.9497,12.0,9.0503,True,True
NOMINAL_WET_RAMP_MINUS_8PCT,2.7466,P99_LOCAL,0.4371,3.0,10.8,1.3113,1.6384,2.9497,5.0,7.9497,25.0,22.0503,True,True
NOMINAL_WET_RAMP_MINUS_8PCT,2.7466,P99_LOCAL,0.4371,3.0,10.8,1.3113,1.6384,2.9497,5.0,7.9497,50.0,47.0503,True,True
NOMINAL_WET_RAMP_MINUS_8PCT,2.7466,P99_LOCAL,0.4371,3.0,10.8,1.3113,1.6384,2.9497,5.0,7.9497,100.0,97.0503,True,True
NOMINAL_WET_RAMP_MINUS_8PCT,2.7466,P99_LOCAL,0.4371,3.608,12.99,1.5771,2.3698,3.9468,5.0,8.9468,12.0,8.0532,True,True
NOMINAL_WET_RAMP_MINUS_8PCT,2.7466,P99_LOCAL,0.4371,3.608,12.99,1.5771,2.3698,3.9468,5.0,8.9468,25.0,21.0532,True,True
NOMINAL_WET_RAMP_MINUS_8PCT,2.7466,P99_LOCAL,0.4371,3.608,12.99,1.5771,2.3698,3.9468,5.0,8.9468,50.0,46.0532,True,True
NOMINAL_WET_RAMP_MINUS_8PCT,2.7466,P99_LOCAL,0.4371,3.608,12.99,1.5771,2.3698,3.9468,5.0,8.9468,100.0,96.0532,True,True
NOMINAL_WET_RAMP_MINUS_8PCT,2.7466,P99_LOCAL,0.4371,3.6734,13.22,1.6056,2.4565,4.0621,5.0,9.0621,12.0,7.9379,True,True
NOMINAL_WET_RAMP_MINUS_8PCT,2.7466,P99_LOCAL,0.4371,3.6734,13.22,1.6056,2.4565,4.0621,5.0,9.0621,25.0,20.9379,True,True
NOMINAL_WET_RAMP_MINUS_8PCT,2.7466,P99_LOCAL,0.4371,3.6734,13.22,1.6056,2.4565,4.0621,5.0,9.0621,50.0,45.9379,True,True
NOMINAL_WET_RAMP_MINUS_8PCT,2.7466,P99_LOCAL,0.4371,3.6734,13.22,1.6056,2.4565,4.0621,5.0,9.0621,100.0,95.9379,True,True
NOMINAL_WET_RAMP_MINUS_8PCT,2.7466,P99_LOCAL,0.4371,4.3815,15.77,1.9152,3.4948,5.4099,5.0,10.4099,12.0,6.5901,True,True
NOMINAL_WET_RAMP_MINUS_8PCT,2.7466,P99_LOCAL,0.4371,4.3815,15.77,1.9152,3.4948,5.4099,5.0,10.4099,25.0,19.5901,True,True
NOMINAL_WET_RAMP_MINUS_8PCT,2.7466,P99_LOCAL,0.4371,4.3815,15.77,1.9152,3.4948,5.4099,5.0,10.4099,50.0,44.5901,True,True
NOMINAL_WET_RAMP_MINUS_8PCT,2.7466,P99_LOCAL,0.4371,4.3815,15.77,1.9152,3.4948,5.4099,5.0,10.4099,100.0,94.5901,True,True
NOMINAL_WET_RAMP_MINUS_8PCT,2.7466,P99_LOCAL,0.4371,5.0,18.0,2.1855,4.5511,6.7366,5.0,11.7366,12.0,5.2634,True,True
NOMINAL_WET_RAMP_MINUS_8PCT,2.7466,P99_LOCAL,0.4371,5.0,18.0,2.1855,4.5511,6.7366,5.0,11.7366,25.0,18.2634,True,True
NOMINAL_WET_RAMP_MINUS_8PCT,2.7466,P99_LOCAL,0.4371,5.0,18.0,2.1855,4.5511,6.7366,5.0,11.7366,50.0,43.2634,True,True
NOMINAL_WET_RAMP_MINUS_8PCT,2.7466,P99_LOCAL,0.4371,5.0,18.0,2.1855,4.5511,6.7366,5.0,11.7366,100.0,93.2634,True,True
NOMINAL_WET_RAMP_MINUS_8PCT,2.7466,P99_LOCAL,0.4371,5.1158,18.42,2.2361,4.7643,7.0004,5.0,12.0004,12.0,4.9996,False,True
NOMINAL_WET_RAMP_MINUS_8PCT,2.7466,P99_LOCAL,0.4371,5.1158,18.42,2.2361,4.7643,7.0004,5.0,12.0004,25.0,17.9996,True,True
NOMINAL_WET_RAMP_MINUS_8PCT,2.7466,P99_LOCAL,0.4371,5.1158,18.42,2.2361,4.7643,7.0004,5.0,12.0004,50.0,42.9996,True,True
NOMINAL_WET_RAMP_MINUS_8PCT,2.7466,P99_LOCAL,0.4371,5.1158,18.42,2.2361,4.7643,7.0004,5.0,12.0004,100.0,92.9996,True,True
NOMINAL_WET_RAMP_MINUS_8PCT,2.7466,P99_LOCAL,0.4371,5.256,18.92,2.2974,5.029,7.3264,5.0,12.3264,12.0,4.6736,False,True
NOMINAL_WET_RAMP_MINUS_8PCT,2.7466,P99_LOCAL,0.4371,5.256,18.92,2.2974,5.029,7.3264,5.0,12.3264,25.0,17.6736,True,True
NOMINAL_WET_RAMP_MINUS_8PCT,2.7466,P99_LOCAL,0.4371,5.256,18.92,2.2974,5.029,7.3264,5.0,12.3264,50.0,42.6736,True,True
NOMINAL_WET_RAMP_MINUS_8PCT,2.7466,P99_LOCAL,0.4371,5.256,18.92,2.2974,5.029,7.3264,5.0,12.3264,100.0,92.6736,True,True
NOMINAL_WET_RAMP_MINUS_8PCT,2.7466,P99_LOCAL,0.4371,5.556,20.0,2.4285,5.6195,8.048,5.0,13.048,12.0,3.952,False,True
NOMINAL_WET_RAMP_MINUS_8PCT,2.7466,P99_LOCAL,0.4371,5.556,20.0,2.4285,5.6195,8.048,5.0,13.048,25.0,16.952,True,True
NOMINAL_WET_RAMP_MINUS_8PCT,2.7466,P99_LOCAL,0.4371,5.556,20.0,2.4285,5.6195,8.048,5.0,13.048,50.0,41.952,True,True
NOMINAL_WET_RAMP_MINUS_8PCT,2.7466,P99_LOCAL,0.4371,5.556,20.0,2.4285,5.6195,8.048,5.0,13.048,100.0,91.952,True,True
NOMINAL_WET_RAMP_MINUS_8PCT,2.7466,WORST_LOCAL,0.475,0.0,0.0,0.0,0.0,0.0,5.0,5.0,12.0,12.0,True,True
NOMINAL_WET_RAMP_MINUS_8PCT,2.7466,WORST_LOCAL,0.475,0.0,0.0,0.0,0.0,0.0,5.0,5.0,25.0,25.0,True,True
NOMINAL_WET_RAMP_MINUS_8PCT,2.7466,WORST_LOCAL,0.475,0.0,0.0,0.0,0.0,0.0,5.0,5.0,50.0,50.0,True,True
NOMINAL_WET_RAMP_MINUS_8PCT,2.7466,WORST_LOCAL,0.475,0.0,0.0,0.0,0.0,0.0,5.0,5.0,100.0,100.0,True,True
NOMINAL_WET_RAMP_MINUS_8PCT,2.7466,WORST_LOCAL,0.475,1.5,5.4,0.7125,0.4096,1.1221,5.0,6.1221,12.0,10.8779,True,True
NOMINAL_WET_RAMP_MINUS_8PCT,2.7466,WORST_LOCAL,0.475,1.5,5.4,0.7125,0.4096,1.1221,5.0,6.1221,25.0,23.8779,True,True
NOMINAL_WET_RAMP_MINUS_8PCT,2.7466,WORST_LOCAL,0.475,1.5,5.4,0.7125,0.4096,1.1221,5.0,6.1221,50.0,48.8779,True,True
NOMINAL_WET_RAMP_MINUS_8PCT,2.7466,WORST_LOCAL,0.475,1.5,5.4,0.7125,0.4096,1.1221,5.0,6.1221,100.0,98.8779,True,True
NOMINAL_WET_RAMP_MINUS_8PCT,2.7466,WORST_LOCAL,0.475,3.0,10.8,1.425,1.6384,3.0634,5.0,8.0634,12.0,8.9366,True,True
NOMINAL_WET_RAMP_MINUS_8PCT,2.7466,WORST_LOCAL,0.475,3.0,10.8,1.425,1.6384,3.0634,5.0,8.0634,25.0,21.9366,True,True
NOMINAL_WET_RAMP_MINUS_8PCT,2.7466,WORST_LOCAL,0.475,3.0,10.8,1.425,1.6384,3.0634,5.0,8.0634,50.0,46.9366,True,True
NOMINAL_WET_RAMP_MINUS_8PCT,2.7466,WORST_LOCAL,0.475,3.0,10.8,1.425,1.6384,3.0634,5.0,8.0634,100.0,96.9366,True,True
NOMINAL_WET_RAMP_MINUS_8PCT,2.7466,WORST_LOCAL,0.475,3.608,12.99,1.7138,2.3698,4.0836,5.0,9.0836,12.0,7.9164,True,True
NOMINAL_WET_RAMP_MINUS_8PCT,2.7466,WORST_LOCAL,0.475,3.608,12.99,1.7138,2.3698,4.0836,5.0,9.0836,25.0,20.9164,True,True
NOMINAL_WET_RAMP_MINUS_8PCT,2.7466,WORST_LOCAL,0.475,3.608,12.99,1.7138,2.3698,4.0836,5.0,9.0836,50.0,45.9164,True,True
NOMINAL_WET_RAMP_MINUS_8PCT,2.7466,WORST_LOCAL,0.475,3.608,12.99,1.7138,2.3698,4.0836,5.0,9.0836,100.0,95.9164,True,True
NOMINAL_WET_RAMP_MINUS_8PCT,2.7466,WORST_LOCAL,0.475,3.6734,13.22,1.7449,2.4565,4.2013,5.0,9.2013,12.0,7.7987,True,True
NOMINAL_WET_RAMP_MINUS_8PCT,2.7466,WORST_LOCAL,0.475,3.6734,13.22,1.7449,2.4565,4.2013,5.0,9.2013,25.0,20.7987,True,True
NOMINAL_WET_RAMP_MINUS_8PCT,2.7466,WORST_LOCAL,0.475,3.6734,13.22,1.7449,2.4565,4.2013,5.0,9.2013,50.0,45.7987,True,True
NOMINAL_WET_RAMP_MINUS_8PCT,2.7466,WORST_LOCAL,0.475,3.6734,13.22,1.7449,2.4565,4.2013,5.0,9.2013,100.0,95.7987,True,True
NOMINAL_WET_RAMP_MINUS_8PCT,2.7466,WORST_LOCAL,0.475,4.3815,15.77,2.0812,3.4948,5.576,5.0,10.576,12.0,6.424,True,True
NOMINAL_WET_RAMP_MINUS_8PCT,2.7466,WORST_LOCAL,0.475,4.3815,15.77,2.0812,3.4948,5.576,5.0,10.576,25.0,19.424,True,True
NOMINAL_WET_RAMP_MINUS_8PCT,2.7466,WORST_LOCAL,0.475,4.3815,15.77,2.0812,3.4948,5.576,5.0,10.576,50.0,44.424,True,True
NOMINAL_WET_RAMP_MINUS_8PCT,2.7466,WORST_LOCAL,0.475,4.3815,15.77,2.0812,3.4948,5.576,5.0,10.576,100.0,94.424,True,True
NOMINAL_WET_RAMP_MINUS_8PCT,2.7466,WORST_LOCAL,0.475,5.0,18.0,2.375,4.5511,6.9261,5.0,11.9261,12.0,5.0739,True,True
NOMINAL_WET_RAMP_MINUS_8PCT,2.7466,WORST_LOCAL,0.475,5.0,18.0,2.375,4.5511,6.9261,5.0,11.9261,25.0,18.0739,True,True
NOMINAL_WET_RAMP_MINUS_8PCT,2.7466,WORST_LOCAL,0.475,5.0,18.0,2.375,4.5511,6.9261,5.0,11.9261,50.0,43.0739,True,True
NOMINAL_WET_RAMP_MINUS_8PCT,2.7466,WORST_LOCAL,0.475,5.0,18.0,2.375,4.5511,6.9261,5.0,11.9261,100.0,93.0739,True,True
NOMINAL_WET_RAMP_MINUS_8PCT,2.7466,WORST_LOCAL,0.475,5.1158,18.42,2.43,4.7643,7.1943,5.0,12.1943,12.0,4.8057,False,True
NOMINAL_WET_RAMP_MINUS_8PCT,2.7466,WORST_LOCAL,0.475,5.1158,18.42,2.43,4.7643,7.1943,5.0,12.1943,25.0,17.8057,True,True
NOMINAL_WET_RAMP_MINUS_8PCT,2.7466,WORST_LOCAL,0.475,5.1158,18.42,2.43,4.7643,7.1943,5.0,12.1943,50.0,42.8057,True,True
NOMINAL_WET_RAMP_MINUS_8PCT,2.7466,WORST_LOCAL,0.475,5.1158,18.42,2.43,4.7643,7.1943,5.0,12.1943,100.0,92.8057,True,True
NOMINAL_WET_RAMP_MINUS_8PCT,2.7466,WORST_LOCAL,0.475,5.256,18.92,2.4966,5.029,7.5256,5.0,12.5256,12.0,4.4744,False,True
NOMINAL_WET_RAMP_MINUS_8PCT,2.7466,WORST_LOCAL,0.475,5.256,18.92,2.4966,5.029,7.5256,5.0,12.5256,25.0,17.4744,True,True
NOMINAL_WET_RAMP_MINUS_8PCT,2.7466,WORST_LOCAL,0.475,5.256,18.92,2.4966,5.029,7.5256,5.0,12.5256,50.0,42.4744,True,True
NOMINAL_WET_RAMP_MINUS_8PCT,2.7466,WORST_LOCAL,0.475,5.256,18.92,2.4966,5.029,7.5256,5.0,12.5256,100.0,92.4744,True,True
NOMINAL_WET_RAMP_MINUS_8PCT,2.7466,WORST_LOCAL,0.475,5.556,20.0,2.6391,5.6195,8.2586,5.0,13.2586,12.0,3.7414,False,True
NOMINAL_WET_RAMP_MINUS_8PCT,2.7466,WORST_LOCAL,0.475,5.556,20.0,2.6391,5.6195,8.2586,5.0,13.2586,25.0,16.7414,True,True
NOMINAL_WET_RAMP_MINUS_8PCT,2.7466,WORST_LOCAL,0.475,5.556,20.0,2.6391,5.6195,8.2586,5.0,13.2586,50.0,41.7414,True,True
NOMINAL_WET_RAMP_MINUS_8PCT,2.7466,WORST_LOCAL,0.475,5.556,20.0,2.6391,5.6195,8.2586,5.0,13.2586,100.0,91.7414,True,True
DRY_RAMP_MINUS_8PCT,2.7856,NOMINAL_LOCAL,0.375,0.0,0.0,0.0,0.0,0.0,5.0,5.0,12.0,12.0,True,True
DRY_RAMP_MINUS_8PCT,2.7856,NOMINAL_LOCAL,0.375,0.0,0.0,0.0,0.0,0.0,5.0,5.0,25.0,25.0,True,True
DRY_RAMP_MINUS_8PCT,2.7856,NOMINAL_LOCAL,0.375,0.0,0.0,0.0,0.0,0.0,5.0,5.0,50.0,50.0,True,True
DRY_RAMP_MINUS_8PCT,2.7856,NOMINAL_LOCAL,0.375,0.0,0.0,0.0,0.0,0.0,5.0,5.0,100.0,100.0,True,True
DRY_RAMP_MINUS_8PCT,2.7856,NOMINAL_LOCAL,0.375,1.5,5.4,0.5625,0.4039,0.9664,5.0,5.9664,12.0,11.0336,True,True
DRY_RAMP_MINUS_8PCT,2.7856,NOMINAL_LOCAL,0.375,1.5,5.4,0.5625,0.4039,0.9664,5.0,5.9664,25.0,24.0336,True,True
DRY_RAMP_MINUS_8PCT,2.7856,NOMINAL_LOCAL,0.375,1.5,5.4,0.5625,0.4039,0.9664,5.0,5.9664,50.0,49.0336,True,True
DRY_RAMP_MINUS_8PCT,2.7856,NOMINAL_LOCAL,0.375,1.5,5.4,0.5625,0.4039,0.9664,5.0,5.9664,100.0,99.0336,True,True
DRY_RAMP_MINUS_8PCT,2.7856,NOMINAL_LOCAL,0.375,3.0,10.8,1.125,1.6155,2.7405,5.0,7.7405,12.0,9.2595,True,True
DRY_RAMP_MINUS_8PCT,2.7856,NOMINAL_LOCAL,0.375,3.0,10.8,1.125,1.6155,2.7405,5.0,7.7405,25.0,22.2595,True,True
DRY_RAMP_MINUS_8PCT,2.7856,NOMINAL_LOCAL,0.375,3.0,10.8,1.125,1.6155,2.7405,5.0,7.7405,50.0,47.2595,True,True
DRY_RAMP_MINUS_8PCT,2.7856,NOMINAL_LOCAL,0.375,3.0,10.8,1.125,1.6155,2.7405,5.0,7.7405,100.0,97.2595,True,True
DRY_RAMP_MINUS_8PCT,2.7856,NOMINAL_LOCAL,0.375,3.608,12.99,1.353,2.3366,3.6896,5.0,8.6896,12.0,8.3104,True,True
DRY_RAMP_MINUS_8PCT,2.7856,NOMINAL_LOCAL,0.375,3.608,12.99,1.353,2.3366,3.6896,5.0,8.6896,25.0,21.3104,True,True
DRY_RAMP_MINUS_8PCT,2.7856,NOMINAL_LOCAL,0.375,3.608,12.99,1.353,2.3366,3.6896,5.0,8.6896,50.0,46.3104,True,True
DRY_RAMP_MINUS_8PCT,2.7856,NOMINAL_LOCAL,0.375,3.608,12.99,1.353,2.3366,3.6896,5.0,8.6896,100.0,96.3104,True,True
DRY_RAMP_MINUS_8PCT,2.7856,NOMINAL_LOCAL,0.375,3.6734,13.22,1.3775,2.4221,3.7996,5.0,8.7996,12.0,8.2004,True,True
DRY_RAMP_MINUS_8PCT,2.7856,NOMINAL_LOCAL,0.375,3.6734,13.22,1.3775,2.4221,3.7996,5.0,8.7996,25.0,21.2004,True,True
DRY_RAMP_MINUS_8PCT,2.7856,NOMINAL_LOCAL,0.375,3.6734,13.22,1.3775,2.4221,3.7996,5.0,8.7996,50.0,46.2004,True,True
DRY_RAMP_MINUS_8PCT,2.7856,NOMINAL_LOCAL,0.375,3.6734,13.22,1.3775,2.4221,3.7996,5.0,8.7996,100.0,96.2004,True,True
DRY_RAMP_MINUS_8PCT,2.7856,NOMINAL_LOCAL,0.375,4.3815,15.77,1.6431,3.4459,5.0889,5.0,10.0889,12.0,6.9111,True,True
DRY_RAMP_MINUS_8PCT,2.7856,NOMINAL_LOCAL,0.375,4.3815,15.77,1.6431,3.4459,5.0889,5.0,10.0889,25.0,19.9111,True,True
DRY_RAMP_MINUS_8PCT,2.7856,NOMINAL_LOCAL,0.375,4.3815,15.77,1.6431,3.4459,5.0889,5.0,10.0889,50.0,44.9111,True,True
DRY_RAMP_MINUS_8PCT,2.7856,NOMINAL_LOCAL,0.375,4.3815,15.77,1.6431,3.4459,5.0889,5.0,10.0889,100.0,94.9111,True,True
DRY_RAMP_MINUS_8PCT,2.7856,NOMINAL_LOCAL,0.375,5.0,18.0,1.875,4.4874,6.3624,5.0,11.3624,12.0,5.6376,True,True
DRY_RAMP_MINUS_8PCT,2.7856,NOMINAL_LOCAL,0.375,5.0,18.0,1.875,4.4874,6.3624,5.0,11.3624,25.0,18.6376,True,True
DRY_RAMP_MINUS_8PCT,2.7856,NOMINAL_LOCAL,0.375,5.0,18.0,1.875,4.4874,6.3624,5.0,11.3624,50.0,43.6376,True,True
DRY_RAMP_MINUS_8PCT,2.7856,NOMINAL_LOCAL,0.375,5.0,18.0,1.875,4.4874,6.3624,5.0,11.3624,100.0,93.6376,True,True
DRY_RAMP_MINUS_8PCT,2.7856,NOMINAL_LOCAL,0.375,5.1158,18.42,1.9184,4.6976,6.6161,5.0,11.6161,12.0,5.3839,True,True
DRY_RAMP_MINUS_8PCT,2.7856,NOMINAL_LOCAL,0.375,5.1158,18.42,1.9184,4.6976,6.6161,5.0,11.6161,25.0,18.3839,True,True
DRY_RAMP_MINUS_8PCT,2.7856,NOMINAL_LOCAL,0.375,5.1158,18.42,1.9184,4.6976,6.6161,5.0,11.6161,50.0,43.3839,True,True
DRY_RAMP_MINUS_8PCT,2.7856,NOMINAL_LOCAL,0.375,5.1158,18.42,1.9184,4.6976,6.6161,5.0,11.6161,100.0,93.3839,True,True
DRY_RAMP_MINUS_8PCT,2.7856,NOMINAL_LOCAL,0.375,5.256,18.92,1.971,4.9586,6.9296,5.0,11.9296,12.0,5.0704,True,True
DRY_RAMP_MINUS_8PCT,2.7856,NOMINAL_LOCAL,0.375,5.256,18.92,1.971,4.9586,6.9296,5.0,11.9296,25.0,18.0704,True,True
DRY_RAMP_MINUS_8PCT,2.7856,NOMINAL_LOCAL,0.375,5.256,18.92,1.971,4.9586,6.9296,5.0,11.9296,50.0,43.0704,True,True
DRY_RAMP_MINUS_8PCT,2.7856,NOMINAL_LOCAL,0.375,5.256,18.92,1.971,4.9586,6.9296,5.0,11.9296,100.0,93.0704,True,True
DRY_RAMP_MINUS_8PCT,2.7856,NOMINAL_LOCAL,0.375,5.556,20.0,2.0835,5.5408,7.6243,5.0,12.6243,12.0,4.3757,False,True
DRY_RAMP_MINUS_8PCT,2.7856,NOMINAL_LOCAL,0.375,5.556,20.0,2.0835,5.5408,7.6243,5.0,12.6243,25.0,17.3757,True,True
DRY_RAMP_MINUS_8PCT,2.7856,NOMINAL_LOCAL,0.375,5.556,20.0,2.0835,5.5408,7.6243,5.0,12.6243,50.0,42.3757,True,True
DRY_RAMP_MINUS_8PCT,2.7856,NOMINAL_LOCAL,0.375,5.556,20.0,2.0835,5.5408,7.6243,5.0,12.6243,100.0,92.3757,True,True
DRY_RAMP_MINUS_8PCT,2.7856,P95_LOCAL,0.412,0.0,0.0,0.0,0.0,0.0,5.0,5.0,12.0,12.0,True,True
DRY_RAMP_MINUS_8PCT,2.7856,P95_LOCAL,0.412,0.0,0.0,0.0,0.0,0.0,5.0,5.0,25.0,25.0,True,True
DRY_RAMP_MINUS_8PCT,2.7856,P95_LOCAL,0.412,0.0,0.0,0.0,0.0,0.0,5.0,5.0,50.0,50.0,True,True
DRY_RAMP_MINUS_8PCT,2.7856,P95_LOCAL,0.412,0.0,0.0,0.0,0.0,0.0,5.0,5.0,100.0,100.0,True,True
DRY_RAMP_MINUS_8PCT,2.7856,P95_LOCAL,0.412,1.5,5.4,0.618,0.4039,1.0219,5.0,6.0219,12.0,10.9781,True,True
DRY_RAMP_MINUS_8PCT,2.7856,P95_LOCAL,0.412,1.5,5.4,0.618,0.4039,1.0219,5.0,6.0219,25.0,23.9781,True,True
DRY_RAMP_MINUS_8PCT,2.7856,P95_LOCAL,0.412,1.5,5.4,0.618,0.4039,1.0219,5.0,6.0219,50.0,48.9781,True,True
DRY_RAMP_MINUS_8PCT,2.7856,P95_LOCAL,0.412,1.5,5.4,0.618,0.4039,1.0219,5.0,6.0219,100.0,98.9781,True,True
DRY_RAMP_MINUS_8PCT,2.7856,P95_LOCAL,0.412,3.0,10.8,1.236,1.6155,2.8515,5.0,7.8515,12.0,9.1485,True,True
DRY_RAMP_MINUS_8PCT,2.7856,P95_LOCAL,0.412,3.0,10.8,1.236,1.6155,2.8515,5.0,7.8515,25.0,22.1485,True,True
DRY_RAMP_MINUS_8PCT,2.7856,P95_LOCAL,0.412,3.0,10.8,1.236,1.6155,2.8515,5.0,7.8515,50.0,47.1485,True,True
DRY_RAMP_MINUS_8PCT,2.7856,P95_LOCAL,0.412,3.0,10.8,1.236,1.6155,2.8515,5.0,7.8515,100.0,97.1485,True,True
DRY_RAMP_MINUS_8PCT,2.7856,P95_LOCAL,0.412,3.608,12.99,1.4865,2.3366,3.8231,5.0,8.8231,12.0,8.1769,True,True
DRY_RAMP_MINUS_8PCT,2.7856,P95_LOCAL,0.412,3.608,12.99,1.4865,2.3366,3.8231,5.0,8.8231,25.0,21.1769,True,True
DRY_RAMP_MINUS_8PCT,2.7856,P95_LOCAL,0.412,3.608,12.99,1.4865,2.3366,3.8231,5.0,8.8231,50.0,46.1769,True,True
DRY_RAMP_MINUS_8PCT,2.7856,P95_LOCAL,0.412,3.608,12.99,1.4865,2.3366,3.8231,5.0,8.8231,100.0,96.1769,True,True
DRY_RAMP_MINUS_8PCT,2.7856,P95_LOCAL,0.412,3.6734,13.22,1.5134,2.4221,3.9355,5.0,8.9355,12.0,8.0645,True,True
DRY_RAMP_MINUS_8PCT,2.7856,P95_LOCAL,0.412,3.6734,13.22,1.5134,2.4221,3.9355,5.0,8.9355,25.0,21.0645,True,True
DRY_RAMP_MINUS_8PCT,2.7856,P95_LOCAL,0.412,3.6734,13.22,1.5134,2.4221,3.9355,5.0,8.9355,50.0,46.0645,True,True
DRY_RAMP_MINUS_8PCT,2.7856,P95_LOCAL,0.412,3.6734,13.22,1.5134,2.4221,3.9355,5.0,8.9355,100.0,96.0645,True,True
DRY_RAMP_MINUS_8PCT,2.7856,P95_LOCAL,0.412,4.3815,15.77,1.8052,3.4459,5.251,5.0,10.251,12.0,6.749,True,True
DRY_RAMP_MINUS_8PCT,2.7856,P95_LOCAL,0.412,4.3815,15.77,1.8052,3.4459,5.251,5.0,10.251,25.0,19.749,True,True
DRY_RAMP_MINUS_8PCT,2.7856,P95_LOCAL,0.412,4.3815,15.77,1.8052,3.4459,5.251,5.0,10.251,50.0,44.749,True,True
DRY_RAMP_MINUS_8PCT,2.7856,P95_LOCAL,0.412,4.3815,15.77,1.8052,3.4459,5.251,5.0,10.251,100.0,94.749,True,True
DRY_RAMP_MINUS_8PCT,2.7856,P95_LOCAL,0.412,5.0,18.0,2.06,4.4874,6.5474,5.0,11.5474,12.0,5.4526,True,True
DRY_RAMP_MINUS_8PCT,2.7856,P95_LOCAL,0.412,5.0,18.0,2.06,4.4874,6.5474,5.0,11.5474,25.0,18.4526,True,True
DRY_RAMP_MINUS_8PCT,2.7856,P95_LOCAL,0.412,5.0,18.0,2.06,4.4874,6.5474,5.0,11.5474,50.0,43.4526,True,True
DRY_RAMP_MINUS_8PCT,2.7856,P95_LOCAL,0.412,5.0,18.0,2.06,4.4874,6.5474,5.0,11.5474,100.0,93.4526,True,True
DRY_RAMP_MINUS_8PCT,2.7856,P95_LOCAL,0.412,5.1158,18.42,2.1077,4.6976,6.8053,5.0,11.8053,12.0,5.1947,True,True
DRY_RAMP_MINUS_8PCT,2.7856,P95_LOCAL,0.412,5.1158,18.42,2.1077,4.6976,6.8053,5.0,11.8053,25.0,18.1947,True,True
DRY_RAMP_MINUS_8PCT,2.7856,P95_LOCAL,0.412,5.1158,18.42,2.1077,4.6976,6.8053,5.0,11.8053,50.0,43.1947,True,True
DRY_RAMP_MINUS_8PCT,2.7856,P95_LOCAL,0.412,5.1158,18.42,2.1077,4.6976,6.8053,5.0,11.8053,100.0,93.1947,True,True
DRY_RAMP_MINUS_8PCT,2.7856,P95_LOCAL,0.412,5.256,18.92,2.1655,4.9586,7.1241,5.0,12.1241,12.0,4.8759,False,True
DRY_RAMP_MINUS_8PCT,2.7856,P95_LOCAL,0.412,5.256,18.92,2.1655,4.9586,7.1241,5.0,12.1241,25.0,17.8759,True,True
DRY_RAMP_MINUS_8PCT,2.7856,P95_LOCAL,0.412,5.256,18.92,2.1655,4.9586,7.1241,5.0,12.1241,50.0,42.8759,True,True
DRY_RAMP_MINUS_8PCT,2.7856,P95_LOCAL,0.412,5.256,18.92,2.1655,4.9586,7.1241,5.0,12.1241,100.0,92.8759,True,True
DRY_RAMP_MINUS_8PCT,2.7856,P95_LOCAL,0.412,5.556,20.0,2.2891,5.5408,7.8299,5.0,12.8299,12.0,4.1701,False,True
DRY_RAMP_MINUS_8PCT,2.7856,P95_LOCAL,0.412,5.556,20.0,2.2891,5.5408,7.8299,5.0,12.8299,25.0,17.1701,True,True
DRY_RAMP_MINUS_8PCT,2.7856,P95_LOCAL,0.412,5.556,20.0,2.2891,5.5408,7.8299,5.0,12.8299,50.0,42.1701,True,True
DRY_RAMP_MINUS_8PCT,2.7856,P95_LOCAL,0.412,5.556,20.0,2.2891,5.5408,7.8299,5.0,12.8299,100.0,92.1701,True,True
DRY_RAMP_MINUS_8PCT,2.7856,P99_LOCAL,0.4371,0.0,0.0,0.0,0.0,0.0,5.0,5.0,12.0,12.0,True,True
DRY_RAMP_MINUS_8PCT,2.7856,P99_LOCAL,0.4371,0.0,0.0,0.0,0.0,0.0,5.0,5.0,25.0,25.0,True,True
DRY_RAMP_MINUS_8PCT,2.7856,P99_LOCAL,0.4371,0.0,0.0,0.0,0.0,0.0,5.0,5.0,50.0,50.0,True,True
DRY_RAMP_MINUS_8PCT,2.7856,P99_LOCAL,0.4371,0.0,0.0,0.0,0.0,0.0,5.0,5.0,100.0,100.0,True,True
DRY_RAMP_MINUS_8PCT,2.7856,P99_LOCAL,0.4371,1.5,5.4,0.6556,0.4039,1.0595,5.0,6.0595,12.0,10.9405,True,True
DRY_RAMP_MINUS_8PCT,2.7856,P99_LOCAL,0.4371,1.5,5.4,0.6556,0.4039,1.0595,5.0,6.0595,25.0,23.9405,True,True
DRY_RAMP_MINUS_8PCT,2.7856,P99_LOCAL,0.4371,1.5,5.4,0.6556,0.4039,1.0595,5.0,6.0595,50.0,48.9405,True,True
DRY_RAMP_MINUS_8PCT,2.7856,P99_LOCAL,0.4371,1.5,5.4,0.6556,0.4039,1.0595,5.0,6.0595,100.0,98.9405,True,True
DRY_RAMP_MINUS_8PCT,2.7856,P99_LOCAL,0.4371,3.0,10.8,1.3113,1.6155,2.9268,5.0,7.9268,12.0,9.0732,True,True
DRY_RAMP_MINUS_8PCT,2.7856,P99_LOCAL,0.4371,3.0,10.8,1.3113,1.6155,2.9268,5.0,7.9268,25.0,22.0732,True,True
DRY_RAMP_MINUS_8PCT,2.7856,P99_LOCAL,0.4371,3.0,10.8,1.3113,1.6155,2.9268,5.0,7.9268,50.0,47.0732,True,True
DRY_RAMP_MINUS_8PCT,2.7856,P99_LOCAL,0.4371,3.0,10.8,1.3113,1.6155,2.9268,5.0,7.9268,100.0,97.0732,True,True
DRY_RAMP_MINUS_8PCT,2.7856,P99_LOCAL,0.4371,3.608,12.99,1.5771,2.3366,3.9137,5.0,8.9137,12.0,8.0863,True,True
DRY_RAMP_MINUS_8PCT,2.7856,P99_LOCAL,0.4371,3.608,12.99,1.5771,2.3366,3.9137,5.0,8.9137,25.0,21.0863,True,True
DRY_RAMP_MINUS_8PCT,2.7856,P99_LOCAL,0.4371,3.608,12.99,1.5771,2.3366,3.9137,5.0,8.9137,50.0,46.0863,True,True
DRY_RAMP_MINUS_8PCT,2.7856,P99_LOCAL,0.4371,3.608,12.99,1.5771,2.3366,3.9137,5.0,8.9137,100.0,96.0863,True,True
DRY_RAMP_MINUS_8PCT,2.7856,P99_LOCAL,0.4371,3.6734,13.22,1.6056,2.4221,4.0277,5.0,9.0277,12.0,7.9723,True,True
DRY_RAMP_MINUS_8PCT,2.7856,P99_LOCAL,0.4371,3.6734,13.22,1.6056,2.4221,4.0277,5.0,9.0277,25.0,20.9723,True,True
DRY_RAMP_MINUS_8PCT,2.7856,P99_LOCAL,0.4371,3.6734,13.22,1.6056,2.4221,4.0277,5.0,9.0277,50.0,45.9723,True,True
DRY_RAMP_MINUS_8PCT,2.7856,P99_LOCAL,0.4371,3.6734,13.22,1.6056,2.4221,4.0277,5.0,9.0277,100.0,95.9723,True,True
DRY_RAMP_MINUS_8PCT,2.7856,P99_LOCAL,0.4371,4.3815,15.77,1.9152,3.4459,5.361,5.0,10.361,12.0,6.639,True,True
DRY_RAMP_MINUS_8PCT,2.7856,P99_LOCAL,0.4371,4.3815,15.77,1.9152,3.4459,5.361,5.0,10.361,25.0,19.639,True,True
DRY_RAMP_MINUS_8PCT,2.7856,P99_LOCAL,0.4371,4.3815,15.77,1.9152,3.4459,5.361,5.0,10.361,50.0,44.639,True,True
DRY_RAMP_MINUS_8PCT,2.7856,P99_LOCAL,0.4371,4.3815,15.77,1.9152,3.4459,5.361,5.0,10.361,100.0,94.639,True,True
DRY_RAMP_MINUS_8PCT,2.7856,P99_LOCAL,0.4371,5.0,18.0,2.1855,4.4874,6.6729,5.0,11.6729,12.0,5.3271,True,True
DRY_RAMP_MINUS_8PCT,2.7856,P99_LOCAL,0.4371,5.0,18.0,2.1855,4.4874,6.6729,5.0,11.6729,25.0,18.3271,True,True
DRY_RAMP_MINUS_8PCT,2.7856,P99_LOCAL,0.4371,5.0,18.0,2.1855,4.4874,6.6729,5.0,11.6729,50.0,43.3271,True,True
DRY_RAMP_MINUS_8PCT,2.7856,P99_LOCAL,0.4371,5.0,18.0,2.1855,4.4874,6.6729,5.0,11.6729,100.0,93.3271,True,True
DRY_RAMP_MINUS_8PCT,2.7856,P99_LOCAL,0.4371,5.1158,18.42,2.2361,4.6976,6.9337,5.0,11.9337,12.0,5.0663,True,True
DRY_RAMP_MINUS_8PCT,2.7856,P99_LOCAL,0.4371,5.1158,18.42,2.2361,4.6976,6.9337,5.0,11.9337,25.0,18.0663,True,True
DRY_RAMP_MINUS_8PCT,2.7856,P99_LOCAL,0.4371,5.1158,18.42,2.2361,4.6976,6.9337,5.0,11.9337,50.0,43.0663,True,True
DRY_RAMP_MINUS_8PCT,2.7856,P99_LOCAL,0.4371,5.1158,18.42,2.2361,4.6976,6.9337,5.0,11.9337,100.0,93.0663,True,True
DRY_RAMP_MINUS_8PCT,2.7856,P99_LOCAL,0.4371,5.256,18.92,2.2974,4.9586,7.256,5.0,12.256,12.0,4.744,False,True
DRY_RAMP_MINUS_8PCT,2.7856,P99_LOCAL,0.4371,5.256,18.92,2.2974,4.9586,7.256,5.0,12.256,25.0,17.744,True,True
DRY_RAMP_MINUS_8PCT,2.7856,P99_LOCAL,0.4371,5.256,18.92,2.2974,4.9586,7.256,5.0,12.256,50.0,42.744,True,True
DRY_RAMP_MINUS_8PCT,2.7856,P99_LOCAL,0.4371,5.256,18.92,2.2974,4.9586,7.256,5.0,12.256,100.0,92.744,True,True
DRY_RAMP_MINUS_8PCT,2.7856,P99_LOCAL,0.4371,5.556,20.0,2.4285,5.5408,7.9694,5.0,12.9694,12.0,4.0306,False,True
DRY_RAMP_MINUS_8PCT,2.7856,P99_LOCAL,0.4371,5.556,20.0,2.4285,5.5408,7.9694,5.0,12.9694,25.0,17.0306,True,True
DRY_RAMP_MINUS_8PCT,2.7856,P99_LOCAL,0.4371,5.556,20.0,2.4285,5.5408,7.9694,5.0,12.9694,50.0,42.0306,True,True
DRY_RAMP_MINUS_8PCT,2.7856,P99_LOCAL,0.4371,5.556,20.0,2.4285,5.5408,7.9694,5.0,12.9694,100.0,92.0306,True,True
DRY_RAMP_MINUS_8PCT,2.7856,WORST_LOCAL,0.475,0.0,0.0,0.0,0.0,0.0,5.0,5.0,12.0,12.0,True,True
DRY_RAMP_MINUS_8PCT,2.7856,WORST_LOCAL,0.475,0.0,0.0,0.0,0.0,0.0,5.0,5.0,25.0,25.0,True,True
DRY_RAMP_MINUS_8PCT,2.7856,WORST_LOCAL,0.475,0.0,0.0,0.0,0.0,0.0,5.0,5.0,50.0,50.0,True,True
DRY_RAMP_MINUS_8PCT,2.7856,WORST_LOCAL,0.475,0.0,0.0,0.0,0.0,0.0,5.0,5.0,100.0,100.0,True,True
DRY_RAMP_MINUS_8PCT,2.7856,WORST_LOCAL,0.475,1.5,5.4,0.7125,0.4039,1.1164,5.0,6.1164,12.0,10.8836,True,True
DRY_RAMP_MINUS_8PCT,2.7856,WORST_LOCAL,0.475,1.5,5.4,0.7125,0.4039,1.1164,5.0,6.1164,25.0,23.8836,True,True
DRY_RAMP_MINUS_8PCT,2.7856,WORST_LOCAL,0.475,1.5,5.4,0.7125,0.4039,1.1164,5.0,6.1164,50.0,48.8836,True,True
DRY_RAMP_MINUS_8PCT,2.7856,WORST_LOCAL,0.475,1.5,5.4,0.7125,0.4039,1.1164,5.0,6.1164,100.0,98.8836,True,True
DRY_RAMP_MINUS_8PCT,2.7856,WORST_LOCAL,0.475,3.0,10.8,1.425,1.6155,3.0405,5.0,8.0405,12.0,8.9595,True,True
DRY_RAMP_MINUS_8PCT,2.7856,WORST_LOCAL,0.475,3.0,10.8,1.425,1.6155,3.0405,5.0,8.0405,25.0,21.9595,True,True
DRY_RAMP_MINUS_8PCT,2.7856,WORST_LOCAL,0.475,3.0,10.8,1.425,1.6155,3.0405,5.0,8.0405,50.0,46.9595,True,True
DRY_RAMP_MINUS_8PCT,2.7856,WORST_LOCAL,0.475,3.0,10.8,1.425,1.6155,3.0405,5.0,8.0405,100.0,96.9595,True,True
DRY_RAMP_MINUS_8PCT,2.7856,WORST_LOCAL,0.475,3.608,12.99,1.7138,2.3366,4.0504,5.0,9.0504,12.0,7.9496,True,True
DRY_RAMP_MINUS_8PCT,2.7856,WORST_LOCAL,0.475,3.608,12.99,1.7138,2.3366,4.0504,5.0,9.0504,25.0,20.9496,True,True
DRY_RAMP_MINUS_8PCT,2.7856,WORST_LOCAL,0.475,3.608,12.99,1.7138,2.3366,4.0504,5.0,9.0504,50.0,45.9496,True,True
DRY_RAMP_MINUS_8PCT,2.7856,WORST_LOCAL,0.475,3.608,12.99,1.7138,2.3366,4.0504,5.0,9.0504,100.0,95.9496,True,True
DRY_RAMP_MINUS_8PCT,2.7856,WORST_LOCAL,0.475,3.6734,13.22,1.7449,2.4221,4.1669,5.0,9.1669,12.0,7.8331,True,True
DRY_RAMP_MINUS_8PCT,2.7856,WORST_LOCAL,0.475,3.6734,13.22,1.7449,2.4221,4.1669,5.0,9.1669,25.0,20.8331,True,True
DRY_RAMP_MINUS_8PCT,2.7856,WORST_LOCAL,0.475,3.6734,13.22,1.7449,2.4221,4.1669,5.0,9.1669,50.0,45.8331,True,True
DRY_RAMP_MINUS_8PCT,2.7856,WORST_LOCAL,0.475,3.6734,13.22,1.7449,2.4221,4.1669,5.0,9.1669,100.0,95.8331,True,True
DRY_RAMP_MINUS_8PCT,2.7856,WORST_LOCAL,0.475,4.3815,15.77,2.0812,3.4459,5.5271,5.0,10.5271,12.0,6.4729,True,True
DRY_RAMP_MINUS_8PCT,2.7856,WORST_LOCAL,0.475,4.3815,15.77,2.0812,3.4459,5.5271,5.0,10.5271,25.0,19.4729,True,True
DRY_RAMP_MINUS_8PCT,2.7856,WORST_LOCAL,0.475,4.3815,15.77,2.0812,3.4459,5.5271,5.0,10.5271,50.0,44.4729,True,True
DRY_RAMP_MINUS_8PCT,2.7856,WORST_LOCAL,0.475,4.3815,15.77,2.0812,3.4459,5.5271,5.0,10.5271,100.0,94.4729,True,True
DRY_RAMP_MINUS_8PCT,2.7856,WORST_LOCAL,0.475,5.0,18.0,2.375,4.4874,6.8624,5.0,11.8624,12.0,5.1376,True,True
DRY_RAMP_MINUS_8PCT,2.7856,WORST_LOCAL,0.475,5.0,18.0,2.375,4.4874,6.8624,5.0,11.8624,25.0,18.1376,True,True
DRY_RAMP_MINUS_8PCT,2.7856,WORST_LOCAL,0.475,5.0,18.0,2.375,4.4874,6.8624,5.0,11.8624,50.0,43.1376,True,True
DRY_RAMP_MINUS_8PCT,2.7856,WORST_LOCAL,0.475,5.0,18.0,2.375,4.4874,6.8624,5.0,11.8624,100.0,93.1376,True,True
DRY_RAMP_MINUS_8PCT,2.7856,WORST_LOCAL,0.475,5.1158,18.42,2.43,4.6976,7.1276,5.0,12.1276,12.0,4.8724,False,True
DRY_RAMP_MINUS_8PCT,2.7856,WORST_LOCAL,0.475,5.1158,18.42,2.43,4.6976,7.1276,5.0,12.1276,25.0,17.8724,True,True
DRY_RAMP_MINUS_8PCT,2.7856,WORST_LOCAL,0.475,5.1158,18.42,2.43,4.6976,7.1276,5.0,12.1276,50.0,42.8724,True,True
DRY_RAMP_MINUS_8PCT,2.7856,WORST_LOCAL,0.475,5.1158,18.42,2.43,4.6976,7.1276,5.0,12.1276,100.0,92.8724,True,True
DRY_RAMP_MINUS_8PCT,2.7856,WORST_LOCAL,0.475,5.256,18.92,2.4966,4.9586,7.4552,5.0,12.4552,12.0,4.5448,False,True
DRY_RAMP_MINUS_8PCT,2.7856,WORST_LOCAL,0.475,5.256,18.92,2.4966,4.9586,7.4552,5.0,12.4552,25.0,17.5448,True,True
DRY_RAMP_MINUS_8PCT,2.7856,WORST_LOCAL,0.475,5.256,18.92,2.4966,4.9586,7.4552,5.0,12.4552,50.0,42.5448,True,True
DRY_RAMP_MINUS_8PCT,2.7856,WORST_LOCAL,0.475,5.256,18.92,2.4966,4.9586,7.4552,5.0,12.4552,100.0,92.5448,True,True
DRY_RAMP_MINUS_8PCT,2.7856,WORST_LOCAL,0.475,5.556,20.0,2.6391,5.5408,8.1799,5.0,13.1799,12.0,3.8201,False,True
DRY_RAMP_MINUS_8PCT,2.7856,WORST_LOCAL,0.475,5.556,20.0,2.6391,5.5408,8.1799,5.0,13.1799,25.0,16.8201,True,True
DRY_RAMP_MINUS_8PCT,2.7856,WORST_LOCAL,0.475,5.556,20.0,2.6391,5.5408,8.1799,5.0,13.1799,50.0,41.8201,True,True
DRY_RAMP_MINUS_8PCT,2.7856,WORST_LOCAL,0.475,5.556,20.0,2.6391,5.5408,8.1799,5.0,13.1799,100.0,91.8201,True,True
ISO_3450_FLAT_RATED,3.323,NOMINAL_LOCAL,0.375,0.0,0.0,0.0,0.0,0.0,5.0,5.0,12.0,12.0,True,True
ISO_3450_FLAT_RATED,3.323,NOMINAL_LOCAL,0.375,0.0,0.0,0.0,0.0,0.0,5.0,5.0,25.0,25.0,True,True
ISO_3450_FLAT_RATED,3.323,NOMINAL_LOCAL,0.375,0.0,0.0,0.0,0.0,0.0,5.0,5.0,50.0,50.0,True,True
ISO_3450_FLAT_RATED,3.323,NOMINAL_LOCAL,0.375,0.0,0.0,0.0,0.0,0.0,5.0,5.0,100.0,100.0,True,True
ISO_3450_FLAT_RATED,3.323,NOMINAL_LOCAL,0.375,1.5,5.4,0.5625,0.3385,0.901,5.0,5.901,12.0,11.099,True,True
ISO_3450_FLAT_RATED,3.323,NOMINAL_LOCAL,0.375,1.5,5.4,0.5625,0.3385,0.901,5.0,5.901,25.0,24.099,True,True
ISO_3450_FLAT_RATED,3.323,NOMINAL_LOCAL,0.375,1.5,5.4,0.5625,0.3385,0.901,5.0,5.901,50.0,49.099,True,True
ISO_3450_FLAT_RATED,3.323,NOMINAL_LOCAL,0.375,1.5,5.4,0.5625,0.3385,0.901,5.0,5.901,100.0,99.099,True,True
ISO_3450_FLAT_RATED,3.323,NOMINAL_LOCAL,0.375,3.0,10.8,1.125,1.3542,2.4792,5.0,7.4792,12.0,9.5208,True,True
ISO_3450_FLAT_RATED,3.323,NOMINAL_LOCAL,0.375,3.0,10.8,1.125,1.3542,2.4792,5.0,7.4792,25.0,22.5208,True,True
ISO_3450_FLAT_RATED,3.323,NOMINAL_LOCAL,0.375,3.0,10.8,1.125,1.3542,2.4792,5.0,7.4792,50.0,47.5208,True,True
ISO_3450_FLAT_RATED,3.323,NOMINAL_LOCAL,0.375,3.0,10.8,1.125,1.3542,2.4792,5.0,7.4792,100.0,97.5208,True,True
ISO_3450_FLAT_RATED,3.323,NOMINAL_LOCAL,0.375,3.608,12.99,1.353,1.9587,3.3117,5.0,8.3117,12.0,8.6883,True,True
ISO_3450_FLAT_RATED,3.323,NOMINAL_LOCAL,0.375,3.608,12.99,1.353,1.9587,3.3117,5.0,8.3117,25.0,21.6883,True,True
ISO_3450_FLAT_RATED,3.323,NOMINAL_LOCAL,0.375,3.608,12.99,1.353,1.9587,3.3117,5.0,8.3117,50.0,46.6883,True,True
ISO_3450_FLAT_RATED,3.323,NOMINAL_LOCAL,0.375,3.608,12.99,1.353,1.9587,3.3117,5.0,8.3117,100.0,96.6883,True,True
ISO_3450_FLAT_RATED,3.323,NOMINAL_LOCAL,0.375,3.6734,13.22,1.3775,2.0304,3.4079,5.0,8.4079,12.0,8.5921,True,True
ISO_3450_FLAT_RATED,3.323,NOMINAL_LOCAL,0.375,3.6734,13.22,1.3775,2.0304,3.4079,5.0,8.4079,25.0,21.5921,True,True
ISO_3450_FLAT_RATED,3.323,NOMINAL_LOCAL,0.375,3.6734,13.22,1.3775,2.0304,3.4079,5.0,8.4079,50.0,46.5921,True,True
ISO_3450_FLAT_RATED,3.323,NOMINAL_LOCAL,0.375,3.6734,13.22,1.3775,2.0304,3.4079,5.0,8.4079,100.0,96.5921,True,True
ISO_3450_FLAT_RATED,3.323,NOMINAL_LOCAL,0.375,4.3815,15.77,1.6431,2.8886,4.5316,5.0,9.5316,12.0,7.4684,True,True
ISO_3450_FLAT_RATED,3.323,NOMINAL_LOCAL,0.375,4.3815,15.77,1.6431,2.8886,4.5316,5.0,9.5316,25.0,20.4684,True,True
ISO_3450_FLAT_RATED,3.323,NOMINAL_LOCAL,0.375,4.3815,15.77,1.6431,2.8886,4.5316,5.0,9.5316,50.0,45.4684,True,True
ISO_3450_FLAT_RATED,3.323,NOMINAL_LOCAL,0.375,4.3815,15.77,1.6431,2.8886,4.5316,5.0,9.5316,100.0,95.4684,True,True
ISO_3450_FLAT_RATED,3.323,NOMINAL_LOCAL,0.375,5.0,18.0,1.875,3.7617,5.6367,5.0,10.6367,12.0,6.3633,True,True
ISO_3450_FLAT_RATED,3.323,NOMINAL_LOCAL,0.375,5.0,18.0,1.875,3.7617,5.6367,5.0,10.6367,25.0,19.3633,True,True
ISO_3450_FLAT_RATED,3.323,NOMINAL_LOCAL,0.375,5.0,18.0,1.875,3.7617,5.6367,5.0,10.6367,50.0,44.3633,True,True
ISO_3450_FLAT_RATED,3.323,NOMINAL_LOCAL,0.375,5.0,18.0,1.875,3.7617,5.6367,5.0,10.6367,100.0,94.3633,True,True
ISO_3450_FLAT_RATED,3.323,NOMINAL_LOCAL,0.375,5.1158,18.42,1.9184,3.9379,5.8563,5.0,10.8563,12.0,6.1437,True,True
ISO_3450_FLAT_RATED,3.323,NOMINAL_LOCAL,0.375,5.1158,18.42,1.9184,3.9379,5.8563,5.0,10.8563,25.0,19.1437,True,True
ISO_3450_FLAT_RATED,3.323,NOMINAL_LOCAL,0.375,5.1158,18.42,1.9184,3.9379,5.8563,5.0,10.8563,50.0,44.1437,True,True
ISO_3450_FLAT_RATED,3.323,NOMINAL_LOCAL,0.375,5.1158,18.42,1.9184,3.9379,5.8563,5.0,10.8563,100.0,94.1437,True,True
ISO_3450_FLAT_RATED,3.323,NOMINAL_LOCAL,0.375,5.256,18.92,1.971,4.1567,6.1277,5.0,11.1277,12.0,5.8723,True,True
ISO_3450_FLAT_RATED,3.323,NOMINAL_LOCAL,0.375,5.256,18.92,1.971,4.1567,6.1277,5.0,11.1277,25.0,18.8723,True,True
ISO_3450_FLAT_RATED,3.323,NOMINAL_LOCAL,0.375,5.256,18.92,1.971,4.1567,6.1277,5.0,11.1277,50.0,43.8723,True,True
ISO_3450_FLAT_RATED,3.323,NOMINAL_LOCAL,0.375,5.256,18.92,1.971,4.1567,6.1277,5.0,11.1277,100.0,93.8723,True,True
ISO_3450_FLAT_RATED,3.323,NOMINAL_LOCAL,0.375,5.556,20.0,2.0835,4.6448,6.7283,5.0,11.7283,12.0,5.2717,True,True
ISO_3450_FLAT_RATED,3.323,NOMINAL_LOCAL,0.375,5.556,20.0,2.0835,4.6448,6.7283,5.0,11.7283,25.0,18.2717,True,True
ISO_3450_FLAT_RATED,3.323,NOMINAL_LOCAL,0.375,5.556,20.0,2.0835,4.6448,6.7283,5.0,11.7283,50.0,43.2717,True,True
ISO_3450_FLAT_RATED,3.323,NOMINAL_LOCAL,0.375,5.556,20.0,2.0835,4.6448,6.7283,5.0,11.7283,100.0,93.2717,True,True
ISO_3450_FLAT_RATED,3.323,P95_LOCAL,0.412,0.0,0.0,0.0,0.0,0.0,5.0,5.0,12.0,12.0,True,True
ISO_3450_FLAT_RATED,3.323,P95_LOCAL,0.412,0.0,0.0,0.0,0.0,0.0,5.0,5.0,25.0,25.0,True,True
ISO_3450_FLAT_RATED,3.323,P95_LOCAL,0.412,0.0,0.0,0.0,0.0,0.0,5.0,5.0,50.0,50.0,True,True
ISO_3450_FLAT_RATED,3.323,P95_LOCAL,0.412,0.0,0.0,0.0,0.0,0.0,5.0,5.0,100.0,100.0,True,True
ISO_3450_FLAT_RATED,3.323,P95_LOCAL,0.412,1.5,5.4,0.618,0.3385,0.9565,5.0,5.9565,12.0,11.0435,True,True
ISO_3450_FLAT_RATED,3.323,P95_LOCAL,0.412,1.5,5.4,0.618,0.3385,0.9565,5.0,5.9565,25.0,24.0435,True,True
ISO_3450_FLAT_RATED,3.323,P95_LOCAL,0.412,1.5,5.4,0.618,0.3385,0.9565,5.0,5.9565,50.0,49.0435,True,True
ISO_3450_FLAT_RATED,3.323,P95_LOCAL,0.412,1.5,5.4,0.618,0.3385,0.9565,5.0,5.9565,100.0,99.0435,True,True
ISO_3450_FLAT_RATED,3.323,P95_LOCAL,0.412,3.0,10.8,1.236,1.3542,2.5902,5.0,7.5902,12.0,9.4098,True,True
ISO_3450_FLAT_RATED,3.323,P95_LOCAL,0.412,3.0,10.8,1.236,1.3542,2.5902,5.0,7.5902,25.0,22.4098,True,True
ISO_3450_FLAT_RATED,3.323,P95_LOCAL,0.412,3.0,10.8,1.236,1.3542,2.5902,5.0,7.5902,50.0,47.4098,True,True
ISO_3450_FLAT_RATED,3.323,P95_LOCAL,0.412,3.0,10.8,1.236,1.3542,2.5902,5.0,7.5902,100.0,97.4098,True,True
ISO_3450_FLAT_RATED,3.323,P95_LOCAL,0.412,3.608,12.99,1.4865,1.9587,3.4452,5.0,8.4452,12.0,8.5548,True,True
ISO_3450_FLAT_RATED,3.323,P95_LOCAL,0.412,3.608,12.99,1.4865,1.9587,3.4452,5.0,8.4452,25.0,21.5548,True,True
ISO_3450_FLAT_RATED,3.323,P95_LOCAL,0.412,3.608,12.99,1.4865,1.9587,3.4452,5.0,8.4452,50.0,46.5548,True,True
ISO_3450_FLAT_RATED,3.323,P95_LOCAL,0.412,3.608,12.99,1.4865,1.9587,3.4452,5.0,8.4452,100.0,96.5548,True,True
ISO_3450_FLAT_RATED,3.323,P95_LOCAL,0.412,3.6734,13.22,1.5134,2.0304,3.5438,5.0,8.5438,12.0,8.4562,True,True
ISO_3450_FLAT_RATED,3.323,P95_LOCAL,0.412,3.6734,13.22,1.5134,2.0304,3.5438,5.0,8.5438,25.0,21.4562,True,True
ISO_3450_FLAT_RATED,3.323,P95_LOCAL,0.412,3.6734,13.22,1.5134,2.0304,3.5438,5.0,8.5438,50.0,46.4562,True,True
ISO_3450_FLAT_RATED,3.323,P95_LOCAL,0.412,3.6734,13.22,1.5134,2.0304,3.5438,5.0,8.5438,100.0,96.4562,True,True
ISO_3450_FLAT_RATED,3.323,P95_LOCAL,0.412,4.3815,15.77,1.8052,2.8886,4.6938,5.0,9.6938,12.0,7.3062,True,True
ISO_3450_FLAT_RATED,3.323,P95_LOCAL,0.412,4.3815,15.77,1.8052,2.8886,4.6938,5.0,9.6938,25.0,20.3062,True,True
ISO_3450_FLAT_RATED,3.323,P95_LOCAL,0.412,4.3815,15.77,1.8052,2.8886,4.6938,5.0,9.6938,50.0,45.3062,True,True
ISO_3450_FLAT_RATED,3.323,P95_LOCAL,0.412,4.3815,15.77,1.8052,2.8886,4.6938,5.0,9.6938,100.0,95.3062,True,True
ISO_3450_FLAT_RATED,3.323,P95_LOCAL,0.412,5.0,18.0,2.06,3.7617,5.8217,5.0,10.8217,12.0,6.1783,True,True
ISO_3450_FLAT_RATED,3.323,P95_LOCAL,0.412,5.0,18.0,2.06,3.7617,5.8217,5.0,10.8217,25.0,19.1783,True,True
ISO_3450_FLAT_RATED,3.323,P95_LOCAL,0.412,5.0,18.0,2.06,3.7617,5.8217,5.0,10.8217,50.0,44.1783,True,True
ISO_3450_FLAT_RATED,3.323,P95_LOCAL,0.412,5.0,18.0,2.06,3.7617,5.8217,5.0,10.8217,100.0,94.1783,True,True
ISO_3450_FLAT_RATED,3.323,P95_LOCAL,0.412,5.1158,18.42,2.1077,3.9379,6.0456,5.0,11.0456,12.0,5.9544,True,True
ISO_3450_FLAT_RATED,3.323,P95_LOCAL,0.412,5.1158,18.42,2.1077,3.9379,6.0456,5.0,11.0456,25.0,18.9544,True,True
ISO_3450_FLAT_RATED,3.323,P95_LOCAL,0.412,5.1158,18.42,2.1077,3.9379,6.0456,5.0,11.0456,50.0,43.9544,True,True
ISO_3450_FLAT_RATED,3.323,P95_LOCAL,0.412,5.1158,18.42,2.1077,3.9379,6.0456,5.0,11.0456,100.0,93.9544,True,True
ISO_3450_FLAT_RATED,3.323,P95_LOCAL,0.412,5.256,18.92,2.1655,4.1567,6.3222,5.0,11.3222,12.0,5.6778,True,True
ISO_3450_FLAT_RATED,3.323,P95_LOCAL,0.412,5.256,18.92,2.1655,4.1567,6.3222,5.0,11.3222,25.0,18.6778,True,True
ISO_3450_FLAT_RATED,3.323,P95_LOCAL,0.412,5.256,18.92,2.1655,4.1567,6.3222,5.0,11.3222,50.0,43.6778,True,True
ISO_3450_FLAT_RATED,3.323,P95_LOCAL,0.412,5.256,18.92,2.1655,4.1567,6.3222,5.0,11.3222,100.0,93.6778,True,True
ISO_3450_FLAT_RATED,3.323,P95_LOCAL,0.412,5.556,20.0,2.2891,4.6448,6.9338,5.0,11.9338,12.0,5.0662,True,True
ISO_3450_FLAT_RATED,3.323,P95_LOCAL,0.412,5.556,20.0,2.2891,4.6448,6.9338,5.0,11.9338,25.0,18.0662,True,True
ISO_3450_FLAT_RATED,3.323,P95_LOCAL,0.412,5.556,20.0,2.2891,4.6448,6.9338,5.0,11.9338,50.0,43.0662,True,True
ISO_3450_FLAT_RATED,3.323,P95_LOCAL,0.412,5.556,20.0,2.2891,4.6448,6.9338,5.0,11.9338,100.0,93.0662,True,True
ISO_3450_FLAT_RATED,3.323,P99_LOCAL,0.4371,0.0,0.0,0.0,0.0,0.0,5.0,5.0,12.0,12.0,True,True
ISO_3450_FLAT_RATED,3.323,P99_LOCAL,0.4371,0.0,0.0,0.0,0.0,0.0,5.0,5.0,25.0,25.0,True,True
ISO_3450_FLAT_RATED,3.323,P99_LOCAL,0.4371,0.0,0.0,0.0,0.0,0.0,5.0,5.0,50.0,50.0,True,True
ISO_3450_FLAT_RATED,3.323,P99_LOCAL,0.4371,0.0,0.0,0.0,0.0,0.0,5.0,5.0,100.0,100.0,True,True
ISO_3450_FLAT_RATED,3.323,P99_LOCAL,0.4371,1.5,5.4,0.6556,0.3385,0.9942,5.0,5.9942,12.0,11.0058,True,True
ISO_3450_FLAT_RATED,3.323,P99_LOCAL,0.4371,1.5,5.4,0.6556,0.3385,0.9942,5.0,5.9942,25.0,24.0058,True,True
ISO_3450_FLAT_RATED,3.323,P99_LOCAL,0.4371,1.5,5.4,0.6556,0.3385,0.9942,5.0,5.9942,50.0,49.0058,True,True
ISO_3450_FLAT_RATED,3.323,P99_LOCAL,0.4371,1.5,5.4,0.6556,0.3385,0.9942,5.0,5.9942,100.0,99.0058,True,True
ISO_3450_FLAT_RATED,3.323,P99_LOCAL,0.4371,3.0,10.8,1.3113,1.3542,2.6655,5.0,7.6655,12.0,9.3345,True,True
ISO_3450_FLAT_RATED,3.323,P99_LOCAL,0.4371,3.0,10.8,1.3113,1.3542,2.6655,5.0,7.6655,25.0,22.3345,True,True
ISO_3450_FLAT_RATED,3.323,P99_LOCAL,0.4371,3.0,10.8,1.3113,1.3542,2.6655,5.0,7.6655,50.0,47.3345,True,True
ISO_3450_FLAT_RATED,3.323,P99_LOCAL,0.4371,3.0,10.8,1.3113,1.3542,2.6655,5.0,7.6655,100.0,97.3345,True,True
ISO_3450_FLAT_RATED,3.323,P99_LOCAL,0.4371,3.608,12.99,1.5771,1.9587,3.5358,5.0,8.5358,12.0,8.4642,True,True
ISO_3450_FLAT_RATED,3.323,P99_LOCAL,0.4371,3.608,12.99,1.5771,1.9587,3.5358,5.0,8.5358,25.0,21.4642,True,True
ISO_3450_FLAT_RATED,3.323,P99_LOCAL,0.4371,3.608,12.99,1.5771,1.9587,3.5358,5.0,8.5358,50.0,46.4642,True,True
ISO_3450_FLAT_RATED,3.323,P99_LOCAL,0.4371,3.608,12.99,1.5771,1.9587,3.5358,5.0,8.5358,100.0,96.4642,True,True
ISO_3450_FLAT_RATED,3.323,P99_LOCAL,0.4371,3.6734,13.22,1.6056,2.0304,3.636,5.0,8.636,12.0,8.364,True,True
ISO_3450_FLAT_RATED,3.323,P99_LOCAL,0.4371,3.6734,13.22,1.6056,2.0304,3.636,5.0,8.636,25.0,21.364,True,True
ISO_3450_FLAT_RATED,3.323,P99_LOCAL,0.4371,3.6734,13.22,1.6056,2.0304,3.636,5.0,8.636,50.0,46.364,True,True
ISO_3450_FLAT_RATED,3.323,P99_LOCAL,0.4371,3.6734,13.22,1.6056,2.0304,3.636,5.0,8.636,100.0,96.364,True,True
ISO_3450_FLAT_RATED,3.323,P99_LOCAL,0.4371,4.3815,15.77,1.9152,2.8886,4.8037,5.0,9.8037,12.0,7.1963,True,True
ISO_3450_FLAT_RATED,3.323,P99_LOCAL,0.4371,4.3815,15.77,1.9152,2.8886,4.8037,5.0,9.8037,25.0,20.1963,True,True
ISO_3450_FLAT_RATED,3.323,P99_LOCAL,0.4371,4.3815,15.77,1.9152,2.8886,4.8037,5.0,9.8037,50.0,45.1963,True,True
ISO_3450_FLAT_RATED,3.323,P99_LOCAL,0.4371,4.3815,15.77,1.9152,2.8886,4.8037,5.0,9.8037,100.0,95.1963,True,True
ISO_3450_FLAT_RATED,3.323,P99_LOCAL,0.4371,5.0,18.0,2.1855,3.7617,5.9472,5.0,10.9472,12.0,6.0528,True,True
ISO_3450_FLAT_RATED,3.323,P99_LOCAL,0.4371,5.0,18.0,2.1855,3.7617,5.9472,5.0,10.9472,25.0,19.0528,True,True
ISO_3450_FLAT_RATED,3.323,P99_LOCAL,0.4371,5.0,18.0,2.1855,3.7617,5.9472,5.0,10.9472,50.0,44.0528,True,True
ISO_3450_FLAT_RATED,3.323,P99_LOCAL,0.4371,5.0,18.0,2.1855,3.7617,5.9472,5.0,10.9472,100.0,94.0528,True,True
ISO_3450_FLAT_RATED,3.323,P99_LOCAL,0.4371,5.1158,18.42,2.2361,3.9379,6.174,5.0,11.174,12.0,5.826,True,True
ISO_3450_FLAT_RATED,3.323,P99_LOCAL,0.4371,5.1158,18.42,2.2361,3.9379,6.174,5.0,11.174,25.0,18.826,True,True
ISO_3450_FLAT_RATED,3.323,P99_LOCAL,0.4371,5.1158,18.42,2.2361,3.9379,6.174,5.0,11.174,50.0,43.826,True,True
ISO_3450_FLAT_RATED,3.323,P99_LOCAL,0.4371,5.1158,18.42,2.2361,3.9379,6.174,5.0,11.174,100.0,93.826,True,True
ISO_3450_FLAT_RATED,3.323,P99_LOCAL,0.4371,5.256,18.92,2.2974,4.1567,6.4541,5.0,11.4541,12.0,5.5459,True,True
ISO_3450_FLAT_RATED,3.323,P99_LOCAL,0.4371,5.256,18.92,2.2974,4.1567,6.4541,5.0,11.4541,25.0,18.5459,True,True
ISO_3450_FLAT_RATED,3.323,P99_LOCAL,0.4371,5.256,18.92,2.2974,4.1567,6.4541,5.0,11.4541,50.0,43.5459,True,True
ISO_3450_FLAT_RATED,3.323,P99_LOCAL,0.4371,5.256,18.92,2.2974,4.1567,6.4541,5.0,11.4541,100.0,93.5459,True,True
ISO_3450_FLAT_RATED,3.323,P99_LOCAL,0.4371,5.556,20.0,2.4285,4.6448,7.0733,5.0,12.0733,12.0,4.9267,False,True
ISO_3450_FLAT_RATED,3.323,P99_LOCAL,0.4371,5.556,20.0,2.4285,4.6448,7.0733,5.0,12.0733,25.0,17.9267,True,True
ISO_3450_FLAT_RATED,3.323,P99_LOCAL,0.4371,5.556,20.0,2.4285,4.6448,7.0733,5.0,12.0733,50.0,42.9267,True,True
ISO_3450_FLAT_RATED,3.323,P99_LOCAL,0.4371,5.556,20.0,2.4285,4.6448,7.0733,5.0,12.0733,100.0,92.9267,True,True
ISO_3450_FLAT_RATED,3.323,WORST_LOCAL,0.475,0.0,0.0,0.0,0.0,0.0,5.0,5.0,12.0,12.0,True,True
ISO_3450_FLAT_RATED,3.323,WORST_LOCAL,0.475,0.0,0.0,0.0,0.0,0.0,5.0,5.0,25.0,25.0,True,True
ISO_3450_FLAT_RATED,3.323,WORST_LOCAL,0.475,0.0,0.0,0.0,0.0,0.0,5.0,5.0,50.0,50.0,True,True
ISO_3450_FLAT_RATED,3.323,WORST_LOCAL,0.475,0.0,0.0,0.0,0.0,0.0,5.0,5.0,100.0,100.0,True,True
ISO_3450_FLAT_RATED,3.323,WORST_LOCAL,0.475,1.5,5.4,0.7125,0.3385,1.051,5.0,6.051,12.0,10.949,True,True
ISO_3450_FLAT_RATED,3.323,WORST_LOCAL,0.475,1.5,5.4,0.7125,0.3385,1.051,5.0,6.051,25.0,23.949,True,True
ISO_3450_FLAT_RATED,3.323,WORST_LOCAL,0.475,1.5,5.4,0.7125,0.3385,1.051,5.0,6.051,50.0,48.949,True,True
ISO_3450_FLAT_RATED,3.323,WORST_LOCAL,0.475,1.5,5.4,0.7125,0.3385,1.051,5.0,6.051,100.0,98.949,True,True
ISO_3450_FLAT_RATED,3.323,WORST_LOCAL,0.475,3.0,10.8,1.425,1.3542,2.7792,5.0,7.7792,12.0,9.2208,True,True
ISO_3450_FLAT_RATED,3.323,WORST_LOCAL,0.475,3.0,10.8,1.425,1.3542,2.7792,5.0,7.7792,25.0,22.2208,True,True
ISO_3450_FLAT_RATED,3.323,WORST_LOCAL,0.475,3.0,10.8,1.425,1.3542,2.7792,5.0,7.7792,50.0,47.2208,True,True
ISO_3450_FLAT_RATED,3.323,WORST_LOCAL,0.475,3.0,10.8,1.425,1.3542,2.7792,5.0,7.7792,100.0,97.2208,True,True
ISO_3450_FLAT_RATED,3.323,WORST_LOCAL,0.475,3.608,12.99,1.7138,1.9587,3.6725,5.0,8.6725,12.0,8.3275,True,True
ISO_3450_FLAT_RATED,3.323,WORST_LOCAL,0.475,3.608,12.99,1.7138,1.9587,3.6725,5.0,8.6725,25.0,21.3275,True,True
ISO_3450_FLAT_RATED,3.323,WORST_LOCAL,0.475,3.608,12.99,1.7138,1.9587,3.6725,5.0,8.6725,50.0,46.3275,True,True
ISO_3450_FLAT_RATED,3.323,WORST_LOCAL,0.475,3.608,12.99,1.7138,1.9587,3.6725,5.0,8.6725,100.0,96.3275,True,True
ISO_3450_FLAT_RATED,3.323,WORST_LOCAL,0.475,3.6734,13.22,1.7449,2.0304,3.7752,5.0,8.7752,12.0,8.2248,True,True
ISO_3450_FLAT_RATED,3.323,WORST_LOCAL,0.475,3.6734,13.22,1.7449,2.0304,3.7752,5.0,8.7752,25.0,21.2248,True,True
ISO_3450_FLAT_RATED,3.323,WORST_LOCAL,0.475,3.6734,13.22,1.7449,2.0304,3.7752,5.0,8.7752,50.0,46.2248,True,True
ISO_3450_FLAT_RATED,3.323,WORST_LOCAL,0.475,3.6734,13.22,1.7449,2.0304,3.7752,5.0,8.7752,100.0,96.2248,True,True
ISO_3450_FLAT_RATED,3.323,WORST_LOCAL,0.475,4.3815,15.77,2.0812,2.8886,4.9698,5.0,9.9698,12.0,7.0302,True,True
ISO_3450_FLAT_RATED,3.323,WORST_LOCAL,0.475,4.3815,15.77,2.0812,2.8886,4.9698,5.0,9.9698,25.0,20.0302,True,True
ISO_3450_FLAT_RATED,3.323,WORST_LOCAL,0.475,4.3815,15.77,2.0812,2.8886,4.9698,5.0,9.9698,50.0,45.0302,True,True
ISO_3450_FLAT_RATED,3.323,WORST_LOCAL,0.475,4.3815,15.77,2.0812,2.8886,4.9698,5.0,9.9698,100.0,95.0302,True,True
ISO_3450_FLAT_RATED,3.323,WORST_LOCAL,0.475,5.0,18.0,2.375,3.7617,6.1367,5.0,11.1367,12.0,5.8633,True,True
ISO_3450_FLAT_RATED,3.323,WORST_LOCAL,0.475,5.0,18.0,2.375,3.7617,6.1367,5.0,11.1367,25.0,18.8633,True,True
ISO_3450_FLAT_RATED,3.323,WORST_LOCAL,0.475,5.0,18.0,2.375,3.7617,6.1367,5.0,11.1367,50.0,43.8633,True,True
ISO_3450_FLAT_RATED,3.323,WORST_LOCAL,0.475,5.0,18.0,2.375,3.7617,6.1367,5.0,11.1367,100.0,93.8633,True,True
ISO_3450_FLAT_RATED,3.323,WORST_LOCAL,0.475,5.1158,18.42,2.43,3.9379,6.3679,5.0,11.3679,12.0,5.6321,True,True
ISO_3450_FLAT_RATED,3.323,WORST_LOCAL,0.475,5.1158,18.42,2.43,3.9379,6.3679,5.0,11.3679,25.0,18.6321,True,True
ISO_3450_FLAT_RATED,3.323,WORST_LOCAL,0.475,5.1158,18.42,2.43,3.9379,6.3679,5.0,11.3679,50.0,43.6321,True,True
ISO_3450_FLAT_RATED,3.323,WORST_LOCAL,0.475,5.1158,18.42,2.43,3.9379,6.3679,5.0,11.3679,100.0,93.6321,True,True
ISO_3450_FLAT_RATED,3.323,WORST_LOCAL,0.475,5.256,18.92,2.4966,4.1567,6.6533,5.0,11.6533,12.0,5.3467,True,True
ISO_3450_FLAT_RATED,3.323,WORST_LOCAL,0.475,5.256,18.92,2.4966,4.1567,6.6533,5.0,11.6533,25.0,18.3467,True,True
ISO_3450_FLAT_RATED,3.323,WORST_LOCAL,0.475,5.256,18.92,2.4966,4.1567,6.6533,5.0,11.6533,50.0,43.3467,True,True
ISO_3450_FLAT_RATED,3.323,WORST_LOCAL,0.475,5.256,18.92,2.4966,4.1567,6.6533,5.0,11.6533,100.0,93.3467,True,True
ISO_3450_FLAT_RATED,3.323,WORST_LOCAL,0.475,5.556,20.0,2.6391,4.6448,7.2839,5.0,12.2839,12.0,4.7161,False,True
ISO_3450_FLAT_RATED,3.323,WORST_LOCAL,0.475,5.556,20.0,2.6391,4.6448,7.2839,5.0,12.2839,25.0,17.7161,True,True
ISO_3450_FLAT_RATED,3.323,WORST_LOCAL,0.475,5.556,20.0,2.6391,4.6448,7.2839,5.0,12.2839,50.0,42.7161,True,True
ISO_3450_FLAT_RATED,3.323,WORST_LOCAL,0.475,5.556,20.0,2.6391,4.6448,7.2839,5.0,12.2839,100.0,92.7161,True,True
