mass_kg,civil_grade_pct,crr,mu,f_net_retard_N,a_net_mps2,is_adhesion_limited
150000.0,-3.0,0.015,0.2,272012.2,1.8134,True
150000.0,-3.0,0.015,0.25,345529.0,2.3035,True
150000.0,-3.0,0.015,0.3,419045.8,2.7936,True
150000.0,-3.0,0.015,0.35,492562.6,3.2838,True
150000.0,-3.0,0.015,0.4,527945.0,3.5196,False
150000.0,-3.0,0.02,0.2,279363.8,1.8624,True
150000.0,-3.0,0.02,0.25,352880.6,2.3525,True
150000.0,-3.0,0.02,0.3,426397.4,2.8426,True
150000.0,-3.0,0.02,0.35,499914.2,3.3328,True
150000.0,-3.0,0.02,0.4,535296.6,3.5686,False
150000.0,-3.0,0.025,0.2,286715.5,1.9114,True
150000.0,-3.0,0.025,0.25,360232.3,2.4015,True
150000.0,-3.0,0.025,0.3,433749.1,2.8917,True
150000.0,-3.0,0.025,0.35,507265.9,3.3818,True
150000.0,-3.0,0.025,0.4,542648.3,3.6177,False
150000.0,-3.0,0.03,0.2,294067.2,1.9604,True
150000.0,-3.0,0.03,0.25,367584.0,2.4506,True
150000.0,-3.0,0.03,0.3,441100.8,2.9407,True
150000.0,-3.0,0.03,0.35,514617.6,3.4308,True
150000.0,-3.0,0.03,0.4,550000.0,3.6667,False
150000.0,-5.0,0.015,0.2,242411.8,1.6161,True
150000.0,-5.0,0.015,0.25,315869.9,2.1058,True
150000.0,-5.0,0.015,0.3,389328.0,2.5955,True
150000.0,-5.0,0.015,0.35,462786.1,3.0852,True
150000.0,-5.0,0.015,0.4,498579.3,3.3239,False
150000.0,-5.0,0.02,0.2,249757.6,1.6651,True
150000.0,-5.0,0.02,0.25,323215.7,2.1548,True
150000.0,-5.0,0.02,0.3,396673.8,2.6445,True
150000.0,-5.0,0.02,0.35,470131.9,3.1342,True
150000.0,-5.0,0.02,0.4,505925.1,3.3728,False
150000.0,-5.0,0.025,0.2,257103.4,1.714,True
150000.0,-5.0,0.025,0.25,330561.5,2.2037,True
150000.0,-5.0,0.025,0.3,404019.6,2.6935,True
150000.0,-5.0,0.025,0.35,477477.7,3.1832,True
150000.0,-5.0,0.025,0.4,513270.9,3.4218,False
150000.0,-5.0,0.03,0.2,264449.2,1.763,True
150000.0,-5.0,0.03,0.25,337907.3,2.2527,True
150000.0,-5.0,0.03,0.3,411365.4,2.7424,True
150000.0,-5.0,0.03,0.35,484823.5,3.2322,True
150000.0,-5.0,0.03,0.4,520616.8,3.4708,False
150000.0,-8.0,0.015,0.2,197952.2,1.3197,True
150000.0,-8.0,0.015,0.25,271267.9,1.8085,True
150000.0,-8.0,0.015,0.3,344583.5,2.2972,True
150000.0,-8.0,0.015,0.35,417899.1,2.786,True
150000.0,-8.0,0.015,0.4,454689.7,3.0313,False
150000.0,-8.0,0.02,0.2,205283.8,1.3686,True
150000.0,-8.0,0.02,0.25,278599.4,1.8573,True
150000.0,-8.0,0.02,0.3,351915.1,2.3461,True
150000.0,-8.0,0.02,0.35,425230.7,2.8349,True
150000.0,-8.0,0.02,0.4,462021.2,3.0801,False
150000.0,-8.0,0.025,0.2,212615.4,1.4174,True
150000.0,-8.0,0.025,0.25,285931.0,1.9062,True
150000.0,-8.0,0.025,0.3,359246.6,2.395,True
150000.0,-8.0,0.025,0.35,432562.3,2.8837,True
150000.0,-8.0,0.025,0.4,469352.8,3.129,False
150000.0,-8.0,0.03,0.2,219946.9,1.4663,True
150000.0,-8.0,0.03,0.25,293262.6,1.9551,True
150000.0,-8.0,0.03,0.3,366578.2,2.4439,True
150000.0,-8.0,0.03,0.35,439893.8,2.9326,True
150000.0,-8.0,0.03,0.4,476684.4,3.1779,False
150000.0,-10.0,0.015,0.2,168325.2,1.1222,True
150000.0,-10.0,0.015,0.25,241510.0,1.6101,True
150000.0,-10.0,0.015,0.3,314694.9,2.098,True
150000.0,-10.0,0.015,0.35,387879.8,2.5859,True
150000.0,-10.0,0.015,0.4,425585.7,2.8372,False
150000.0,-10.0,0.02,0.2,175643.7,1.171,True
150000.0,-10.0,0.02,0.25,248828.5,1.6589,True
150000.0,-10.0,0.02,0.3,322013.4,2.1468,True
150000.0,-10.0,0.02,0.35,395198.2,2.6347,True
150000.0,-10.0,0.02,0.4,432904.2,2.886,False
150000.0,-10.0,0.025,0.2,182962.2,1.2197,True
150000.0,-10.0,0.025,0.25,256147.0,1.7076,True
150000.0,-10.0,0.025,0.3,329331.9,2.1955,True
150000.0,-10.0,0.025,0.35,402516.7,2.6834,True
150000.0,-10.0,0.025,0.4,440222.7,2.9348,False
150000.0,-10.0,0.03,0.2,190280.6,1.2685,True
150000.0,-10.0,0.03,0.25,263465.5,1.7564,True
150000.0,-10.0,0.03,0.3,336650.4,2.2443,True
150000.0,-10.0,0.03,0.35,409835.2,2.7322,True
150000.0,-10.0,0.03,0.4,447541.2,2.9836,False
165000.0,-3.0,0.015,0.2,299213.4,1.8134,True
165000.0,-3.0,0.015,0.25,380081.9,2.3035,True
165000.0,-3.0,0.015,0.3,460950.3,2.7936,True
165000.0,-3.0,0.015,0.35,525739.5,3.1863,False
165000.0,-3.0,0.015,0.4,525739.5,3.1863,False
165000.0,-3.0,0.02,0.2,307300.2,1.8624,True
165000.0,-3.0,0.02,0.25,388168.7,2.3525,True
165000.0,-3.0,0.02,0.3,469037.2,2.8426,True
165000.0,-3.0,0.02,0.35,533826.3,3.2353,False
165000.0,-3.0,0.02,0.4,533826.3,3.2353,False
165000.0,-3.0,0.025,0.2,315387.1,1.9114,True
165000.0,-3.0,0.025,0.25,396255.6,2.4015,True
165000.0,-3.0,0.025,0.3,477124.0,2.8917,True
165000.0,-3.0,0.025,0.35,541913.2,3.2843,False
165000.0,-3.0,0.025,0.4,541913.2,3.2843,False
165000.0,-3.0,0.03,0.2,323473.9,1.9604,True
165000.0,-3.0,0.03,0.25,404342.4,2.4506,True
165000.0,-3.0,0.03,0.3,485210.9,2.9407,True
165000.0,-3.0,0.03,0.35,550000.0,3.3333,False
165000.0,-3.0,0.03,0.4,550000.0,3.3333,False
165000.0,-5.0,0.015,0.2,266652.9,1.6161,True
165000.0,-5.0,0.015,0.25,347456.9,2.1058,True
165000.0,-5.0,0.015,0.3,428260.8,2.5955,True
165000.0,-5.0,0.015,0.35,493437.3,2.9905,False
165000.0,-5.0,0.015,0.4,493437.3,2.9905,False
165000.0,-5.0,0.02,0.2,274733.3,1.6651,True
165000.0,-5.0,0.02,0.25,355537.3,2.1548,True
165000.0,-5.0,0.02,0.3,436341.2,2.6445,True
165000.0,-5.0,0.02,0.35,501517.6,3.0395,False
165000.0,-5.0,0.02,0.4,501517.6,3.0395,False
165000.0,-5.0,0.025,0.2,282813.7,1.714,True
165000.0,-5.0,0.025,0.25,363617.6,2.2037,True
165000.0,-5.0,0.025,0.3,444421.6,2.6935,True
165000.0,-5.0,0.025,0.35,509598.0,3.0885,False
165000.0,-5.0,0.025,0.4,509598.0,3.0885,False
165000.0,-5.0,0.03,0.2,290894.1,1.763,True
165000.0,-5.0,0.03,0.25,371698.0,2.2527,True
165000.0,-5.0,0.03,0.3,452502.0,2.7424,True
165000.0,-5.0,0.03,0.35,517678.4,3.1374,False
165000.0,-5.0,0.03,0.4,517678.4,3.1374,False
165000.0,-8.0,0.015,0.2,217747.4,1.3197,True
165000.0,-8.0,0.015,0.25,298394.7,1.8085,True
165000.0,-8.0,0.015,0.3,379041.9,2.2972,True
165000.0,-8.0,0.015,0.35,445158.6,2.6979,False
165000.0,-8.0,0.015,0.4,445158.6,2.6979,False
165000.0,-8.0,0.02,0.2,225812.2,1.3686,True
165000.0,-8.0,0.02,0.25,306459.4,1.8573,True
165000.0,-8.0,0.02,0.3,387106.6,2.3461,True
165000.0,-8.0,0.02,0.35,453223.4,2.7468,False
165000.0,-8.0,0.02,0.4,453223.4,2.7468,False
165000.0,-8.0,0.025,0.2,233876.9,1.4174,True
165000.0,-8.0,0.025,0.25,314524.1,1.9062,True
165000.0,-8.0,0.025,0.3,395171.3,2.395,True
165000.0,-8.0,0.025,0.35,461288.1,2.7957,False
165000.0,-8.0,0.025,0.4,461288.1,2.7957,False
165000.0,-8.0,0.03,0.2,241941.6,1.4663,True
165000.0,-8.0,0.03,0.25,322588.8,1.9551,True
165000.0,-8.0,0.03,0.3,403236.0,2.4439,True
165000.0,-8.0,0.03,0.35,469352.8,2.8446,False
165000.0,-8.0,0.03,0.4,469352.8,2.8446,False
165000.0,-10.0,0.015,0.2,185157.7,1.1222,True
165000.0,-10.0,0.015,0.25,265661.0,1.6101,True
165000.0,-10.0,0.015,0.3,346164.4,2.098,True
165000.0,-10.0,0.015,0.35,413144.3,2.5039,False
165000.0,-10.0,0.015,0.4,413144.3,2.5039,False
165000.0,-10.0,0.02,0.2,193208.0,1.171,True
165000.0,-10.0,0.02,0.25,273711.4,1.6589,True
165000.0,-10.0,0.02,0.3,354214.7,2.1468,True
165000.0,-10.0,0.02,0.35,421194.6,2.5527,False
165000.0,-10.0,0.02,0.4,421194.6,2.5527,False
165000.0,-10.0,0.025,0.2,201258.4,1.2197,True
165000.0,-10.0,0.025,0.25,281761.7,1.7076,True
165000.0,-10.0,0.025,0.3,362265.1,2.1955,True
165000.0,-10.0,0.025,0.35,429245.0,2.6015,False
165000.0,-10.0,0.025,0.4,429245.0,2.6015,False
165000.0,-10.0,0.03,0.2,209308.7,1.2685,True
165000.0,-10.0,0.03,0.25,289812.0,1.7564,True
165000.0,-10.0,0.03,0.3,370315.4,2.2443,True
165000.0,-10.0,0.03,0.35,437295.3,2.6503,False
165000.0,-10.0,0.03,0.4,437295.3,2.6503,False
165500.0,-3.0,0.015,0.2,300120.1,1.8134,True
165500.0,-3.0,0.015,0.25,381233.6,2.3035,True
165500.0,-3.0,0.015,0.3,462347.2,2.7936,True
165500.0,-3.0,0.015,0.35,525665.9,3.1762,False
165500.0,-3.0,0.015,0.4,525665.9,3.1762,False
165500.0,-3.0,0.02,0.2,308231.4,1.8624,True
165500.0,-3.0,0.02,0.25,389345.0,2.3525,True
165500.0,-3.0,0.02,0.3,470458.5,2.8426,True
165500.0,-3.0,0.02,0.35,533777.3,3.2252,False
165500.0,-3.0,0.02,0.4,533777.3,3.2252,False
165500.0,-3.0,0.025,0.2,316342.8,1.9114,True
165500.0,-3.0,0.025,0.25,397456.3,2.4015,True
165500.0,-3.0,0.025,0.3,478569.9,2.8917,True
165500.0,-3.0,0.025,0.35,541888.6,3.2743,False
165500.0,-3.0,0.025,0.4,541888.6,3.2743,False
165500.0,-3.0,0.03,0.2,324454.1,1.9604,True
165500.0,-3.0,0.03,0.25,405567.7,2.4506,True
165500.0,-3.0,0.03,0.3,486681.2,2.9407,True
165500.0,-3.0,0.03,0.35,550000.0,3.3233,False
165500.0,-3.0,0.03,0.4,550000.0,3.3233,False
165500.0,-5.0,0.015,0.2,267461.0,1.6161,True
165500.0,-5.0,0.015,0.25,348509.8,2.1058,True
165500.0,-5.0,0.015,0.3,429558.5,2.5955,True
165500.0,-5.0,0.015,0.35,493265.9,2.9805,False
165500.0,-5.0,0.015,0.4,493265.9,2.9805,False
165500.0,-5.0,0.02,0.2,275565.9,1.6651,True
165500.0,-5.0,0.02,0.25,356614.6,2.1548,True
165500.0,-5.0,0.02,0.3,437663.4,2.6445,True
165500.0,-5.0,0.02,0.35,501370.7,3.0294,False
165500.0,-5.0,0.02,0.4,501370.7,3.0294,False
165500.0,-5.0,0.025,0.2,283670.7,1.714,True
165500.0,-5.0,0.025,0.25,364719.5,2.2037,True
165500.0,-5.0,0.025,0.3,445768.3,2.6935,True
165500.0,-5.0,0.025,0.35,509475.6,3.0784,False
165500.0,-5.0,0.025,0.4,509475.6,3.0784,False
165500.0,-5.0,0.03,0.2,291775.6,1.763,True
165500.0,-5.0,0.03,0.25,372824.4,2.2527,True
165500.0,-5.0,0.03,0.3,453873.2,2.7424,True
165500.0,-5.0,0.03,0.35,517580.5,3.1274,False
165500.0,-5.0,0.03,0.4,517580.5,3.1274,False
165500.0,-8.0,0.015,0.2,218407.3,1.3197,True
165500.0,-8.0,0.015,0.25,299298.9,1.8085,True
165500.0,-8.0,0.015,0.3,380190.5,2.2972,True
165500.0,-8.0,0.015,0.35,444840.9,2.6879,False
165500.0,-8.0,0.015,0.4,444840.9,2.6879,False
165500.0,-8.0,0.02,0.2,226496.4,1.3686,True
165500.0,-8.0,0.02,0.25,307388.0,1.8573,True
165500.0,-8.0,0.02,0.3,388279.6,2.3461,True
165500.0,-8.0,0.02,0.35,452930.1,2.7367,False
165500.0,-8.0,0.02,0.4,452930.1,2.7367,False
165500.0,-8.0,0.025,0.2,234585.6,1.4174,True
165500.0,-8.0,0.025,0.25,315477.2,1.9062,True
165500.0,-8.0,0.025,0.3,396368.8,2.395,True
165500.0,-8.0,0.025,0.35,461019.3,2.7856,False
165500.0,-8.0,0.025,0.4,461019.3,2.7856,False
165500.0,-8.0,0.03,0.2,242674.8,1.4663,True
165500.0,-8.0,0.03,0.25,323566.4,1.9551,True
165500.0,-8.0,0.03,0.3,404457.9,2.4439,True
165500.0,-8.0,0.03,0.35,469108.4,2.8345,False
165500.0,-8.0,0.03,0.4,469108.4,2.8345,False
165500.0,-10.0,0.015,0.2,185718.8,1.1222,True
165500.0,-10.0,0.015,0.25,266466.1,1.6101,True
165500.0,-10.0,0.015,0.3,347213.4,2.098,True
165500.0,-10.0,0.015,0.35,412729.6,2.4938,False
165500.0,-10.0,0.015,0.4,412729.6,2.4938,False
165500.0,-10.0,0.02,0.2,193793.5,1.171,True
165500.0,-10.0,0.02,0.25,274540.8,1.6589,True
165500.0,-10.0,0.02,0.3,355288.1,2.1468,True
165500.0,-10.0,0.02,0.35,420804.3,2.5426,False
165500.0,-10.0,0.02,0.4,420804.3,2.5426,False
165500.0,-10.0,0.025,0.2,201868.2,1.2197,True
165500.0,-10.0,0.025,0.25,282615.5,1.7076,True
165500.0,-10.0,0.025,0.3,363362.8,2.1955,True
165500.0,-10.0,0.025,0.35,428879.1,2.5914,False
165500.0,-10.0,0.025,0.4,428879.1,2.5914,False
165500.0,-10.0,0.03,0.2,209943.0,1.2685,True
165500.0,-10.0,0.03,0.25,290690.3,1.7564,True
165500.0,-10.0,0.03,0.3,371437.6,2.2443,True
165500.0,-10.0,0.03,0.35,436953.8,2.6402,False
165500.0,-10.0,0.03,0.4,436953.8,2.6402,False
180000.0,-3.0,0.015,0.2,326414.6,1.8134,True
180000.0,-3.0,0.015,0.25,414634.8,2.3035,True
180000.0,-3.0,0.015,0.3,502854.9,2.7936,True
180000.0,-3.0,0.015,0.35,523534.0,2.9085,False
180000.0,-3.0,0.015,0.4,523534.0,2.9085,False
180000.0,-3.0,0.02,0.2,335236.6,1.8624,True
180000.0,-3.0,0.02,0.25,423456.8,2.3525,True
180000.0,-3.0,0.02,0.3,511676.9,2.8426,True
180000.0,-3.0,0.02,0.35,532356.0,2.9575,False
180000.0,-3.0,0.02,0.4,532356.0,2.9575,False
180000.0,-3.0,0.025,0.2,344058.6,1.9114,True
180000.0,-3.0,0.025,0.25,432278.8,2.4015,True
180000.0,-3.0,0.025,0.3,520498.9,2.8917,True
180000.0,-3.0,0.025,0.35,541178.0,3.0065,False
180000.0,-3.0,0.025,0.4,541178.0,3.0065,False
180000.0,-3.0,0.03,0.2,352880.6,1.9604,True
180000.0,-3.0,0.03,0.25,441100.8,2.4506,True
180000.0,-3.0,0.03,0.3,529321.0,2.9407,True
180000.0,-3.0,0.03,0.35,550000.0,3.0556,False
180000.0,-3.0,0.03,0.4,550000.0,3.0556,False
180000.0,-5.0,0.015,0.2,290894.1,1.6161,True
180000.0,-5.0,0.015,0.25,379043.8,2.1058,True
180000.0,-5.0,0.015,0.3,467193.6,2.5955,True
180000.0,-5.0,0.015,0.35,488295.2,2.7128,False
180000.0,-5.0,0.015,0.4,488295.2,2.7128,False
180000.0,-5.0,0.02,0.2,299709.1,1.6651,True
180000.0,-5.0,0.02,0.25,387858.8,2.1548,True
180000.0,-5.0,0.02,0.3,476008.6,2.6445,True
180000.0,-5.0,0.02,0.35,497110.2,2.7617,False
180000.0,-5.0,0.02,0.4,497110.2,2.7617,False
180000.0,-5.0,0.025,0.2,308524.1,1.714,True
180000.0,-5.0,0.025,0.25,396673.8,2.2037,True
180000.0,-5.0,0.025,0.3,484823.5,2.6935,True
180000.0,-5.0,0.025,0.35,505925.1,2.8107,False
180000.0,-5.0,0.025,0.4,505925.1,2.8107,False
180000.0,-5.0,0.03,0.2,317339.0,1.763,True
180000.0,-5.0,0.03,0.25,405488.8,2.2527,True
180000.0,-5.0,0.03,0.3,493638.5,2.7424,True
180000.0,-5.0,0.03,0.35,514740.1,2.8597,False
180000.0,-5.0,0.03,0.4,514740.1,2.8597,False
180000.0,-8.0,0.015,0.2,237542.7,1.3197,True
180000.0,-8.0,0.015,0.25,325521.4,1.8085,True
180000.0,-8.0,0.015,0.3,413500.2,2.2972,True
180000.0,-8.0,0.015,0.35,435627.6,2.4202,False
180000.0,-8.0,0.015,0.4,435627.6,2.4202,False
180000.0,-8.0,0.02,0.2,246340.5,1.3686,True
180000.0,-8.0,0.02,0.25,334319.3,1.8573,True
180000.0,-8.0,0.02,0.3,422298.1,2.3461,True
180000.0,-8.0,0.02,0.35,444425.5,2.469,False
180000.0,-8.0,0.02,0.4,444425.5,2.469,False
180000.0,-8.0,0.025,0.2,255138.4,1.4174,True
180000.0,-8.0,0.025,0.25,343117.2,1.9062,True
180000.0,-8.0,0.025,0.3,431096.0,2.395,True
180000.0,-8.0,0.025,0.35,453223.4,2.5179,False
180000.0,-8.0,0.025,0.4,453223.4,2.5179,False
180000.0,-8.0,0.03,0.2,263936.3,1.4663,True
180000.0,-8.0,0.03,0.25,351915.1,1.9551,True
180000.0,-8.0,0.03,0.3,439893.8,2.4439,True
180000.0,-8.0,0.03,0.35,462021.2,2.5668,False
180000.0,-8.0,0.03,0.4,462021.2,2.5668,False
180000.0,-10.0,0.015,0.2,201990.2,1.1222,True
180000.0,-10.0,0.015,0.25,289812.0,1.6101,True
180000.0,-10.0,0.015,0.3,377633.9,2.098,True
180000.0,-10.0,0.015,0.35,400702.9,2.2261,False
180000.0,-10.0,0.015,0.4,400702.9,2.2261,False
180000.0,-10.0,0.02,0.2,210772.4,1.171,True
180000.0,-10.0,0.02,0.25,298594.2,1.6589,True
180000.0,-10.0,0.02,0.3,386416.1,2.1468,True
180000.0,-10.0,0.02,0.35,409485.1,2.2749,False
180000.0,-10.0,0.02,0.4,409485.1,2.2749,False
180000.0,-10.0,0.025,0.2,219554.6,1.2197,True
180000.0,-10.0,0.025,0.25,307376.4,1.7076,True
180000.0,-10.0,0.025,0.3,395198.2,2.1955,True
180000.0,-10.0,0.025,0.35,418267.3,2.3237,False
180000.0,-10.0,0.025,0.4,418267.3,2.3237,False
180000.0,-10.0,0.03,0.2,228336.8,1.2685,True
180000.0,-10.0,0.03,0.25,316158.6,1.7564,True
180000.0,-10.0,0.03,0.3,403980.4,2.2443,True
180000.0,-10.0,0.03,0.35,427049.4,2.3725,False
180000.0,-10.0,0.03,0.4,427049.4,2.3725,False
