test_type,loss_parameter,loss_value,v_command_mps,did_accelerate,safety_preserved,action_taken
STEADY_STATE_LOSS_RATE,0% P_loss,0.0,5.1158,False,True,AUTONOMOUS_LOCAL_GOVERNOR
STEADY_STATE_LOSS_RATE,1% P_loss,0.01,5.1158,False,True,AUTONOMOUS_LOCAL_GOVERNOR
STEADY_STATE_LOSS_RATE,5% P_loss,0.05,5.1158,False,True,AUTONOMOUS_LOCAL_GOVERNOR
STEADY_STATE_LOSS_RATE,10% P_loss,0.1,5.1158,False,True,AUTONOMOUS_LOCAL_GOVERNOR
STEADY_STATE_LOSS_RATE,25% P_loss,0.25,5.1158,False,True,AUTONOMOUS_LOCAL_GOVERNOR
STEADY_STATE_LOSS_RATE,50% P_loss,0.5,5.1158,False,True,DYNAMIC_MARGIN_EXPANSION
STEADY_STATE_LOSS_RATE,75% P_loss,0.75,3.7206,False,True,DYNAMIC_MARGIN_EXPANSION
STEADY_STATE_LOSS_RATE,90% P_loss,0.9,3.5281,False,True,DYNAMIC_MARGIN_EXPANSION
STEADY_STATE_LOSS_RATE,95% P_loss,0.95,3.4683,False,True,DYNAMIC_MARGIN_EXPANSION
STEADY_STATE_LOSS_RATE,99% P_loss,0.99,3.4219,False,True,DYNAMIC_MARGIN_EXPANSION
STEADY_STATE_LOSS_RATE,100% P_loss,1.0,3.4105,False,True,DYNAMIC_MARGIN_EXPANSION
BURST_BLACKOUT_DURATION,0.01s blackout,0.01,5.1158,False,True,HOLD_LAST_VALID_SAFE_CLAMP
BURST_BLACKOUT_DURATION,0.05s blackout,0.05,5.1158,False,True,HOLD_LAST_VALID_SAFE_CLAMP
BURST_BLACKOUT_DURATION,0.1s blackout,0.1,5.1158,False,True,HOLD_LAST_VALID_SAFE_CLAMP
BURST_BLACKOUT_DURATION,0.5s blackout,0.5,3.6078,False,True,AUTONOMOUS_PEER_FALLBACK
BURST_BLACKOUT_DURATION,1.0s blackout,1.0,3.6078,False,True,AUTONOMOUS_PEER_FALLBACK
BURST_BLACKOUT_DURATION,5.0s blackout,5.0,0.0,False,True,HEARTBEAT_TIMEOUT_CONTROLLED_STOP
BURST_BLACKOUT_DURATION,10.0s blackout,10.0,0.0,False,True,HEARTBEAT_TIMEOUT_CONTROLLED_STOP
BURST_BLACKOUT_DURATION,30.0s blackout,30.0,0.0,False,True,HEARTBEAT_TIMEOUT_CONTROLLED_STOP
