scenario,mass_kg,civil_grade_pct,friction_mu,speed_label,speed_mps,a_dec_mps2,d_brake_m,latency_tier,tau_s,d_react_m,s_stop_m,sight_margin_at_12m
LADEN_DOWNHILL_WET,165500.0,-8.0,0.35,20 km/h,5.5556,2.7381,5.636,P50,0.3241,1.8007,7.4367,4.5633
LADEN_DOWNHILL_WET,165500.0,-8.0,0.35,20 km/h,5.5556,2.7381,5.636,P95,0.399,2.2165,7.8525,4.1475
LADEN_DOWNHILL_WET,165500.0,-8.0,0.35,20 km/h,5.5556,2.7381,5.636,P99,0.4369,2.4272,8.0632,3.9368
LADEN_DOWNHILL_WET,165500.0,-8.0,0.35,20 km/h,5.5556,2.7381,5.636,MAX,0.4889,2.7162,8.3522,3.6478
LADEN_DOWNHILL_WET,165500.0,-8.0,0.35,20 km/h,5.5556,2.7381,5.636,HUMAN,1.2,6.6667,12.3027,-0.3027
LADEN_DOWNHILL_WET,165500.0,-8.0,0.35,15 km/h,4.1667,2.7374,3.1711,P50,0.3241,1.3505,4.5216,7.4784
LADEN_DOWNHILL_WET,165500.0,-8.0,0.35,15 km/h,4.1667,2.7374,3.1711,P95,0.399,1.6624,4.8335,7.1665
LADEN_DOWNHILL_WET,165500.0,-8.0,0.35,15 km/h,4.1667,2.7374,3.1711,P99,0.4369,1.8204,4.9915,7.0085
LADEN_DOWNHILL_WET,165500.0,-8.0,0.35,15 km/h,4.1667,2.7374,3.1711,MAX,0.4889,2.0371,5.2082,6.7918
LADEN_DOWNHILL_WET,165500.0,-8.0,0.35,15 km/h,4.1667,2.7374,3.1711,HUMAN,1.2,5.0,8.1711,3.8289
LADEN_DOWNHILL_WET,165500.0,-8.0,0.35,10 km/h,2.7778,2.7369,1.4096,P50,0.3241,0.9003,2.31,9.69
LADEN_DOWNHILL_WET,165500.0,-8.0,0.35,10 km/h,2.7778,2.7369,1.4096,P95,0.399,1.1083,2.5179,9.4821
LADEN_DOWNHILL_WET,165500.0,-8.0,0.35,10 km/h,2.7778,2.7369,1.4096,P99,0.4369,1.2136,2.6232,9.3768
LADEN_DOWNHILL_WET,165500.0,-8.0,0.35,10 km/h,2.7778,2.7369,1.4096,MAX,0.4889,1.3581,2.7677,9.2323
LADEN_DOWNHILL_WET,165500.0,-8.0,0.35,10 km/h,2.7778,2.7369,1.4096,HUMAN,1.2,3.3333,4.7429,7.2571
LADEN_DOWNHILL_WET,165500.0,-8.0,0.35,5 km/h,1.3889,2.7366,0.3524,P50,0.3241,0.4502,0.8026,11.1974
LADEN_DOWNHILL_WET,165500.0,-8.0,0.35,5 km/h,1.3889,2.7366,0.3524,P95,0.399,0.5541,0.9066,11.0934
LADEN_DOWNHILL_WET,165500.0,-8.0,0.35,5 km/h,1.3889,2.7366,0.3524,P99,0.4369,0.6068,0.9592,11.0408
LADEN_DOWNHILL_WET,165500.0,-8.0,0.35,5 km/h,1.3889,2.7366,0.3524,MAX,0.4889,0.679,1.0315,10.9685
LADEN_DOWNHILL_WET,165500.0,-8.0,0.35,5 km/h,1.3889,2.7366,0.3524,HUMAN,1.2,1.6667,2.0191,9.9809
LADEN_DOWNHILL_WET,165500.0,-8.0,0.35,1 m/s,1.0,2.7366,0.1827,P50,0.3241,0.3241,0.5068,11.4932
LADEN_DOWNHILL_WET,165500.0,-8.0,0.35,1 m/s,1.0,2.7366,0.1827,P95,0.399,0.399,0.5817,11.4183
LADEN_DOWNHILL_WET,165500.0,-8.0,0.35,1 m/s,1.0,2.7366,0.1827,P99,0.4369,0.4369,0.6196,11.3804
LADEN_DOWNHILL_WET,165500.0,-8.0,0.35,1 m/s,1.0,2.7366,0.1827,MAX,0.4889,0.4889,0.6716,11.3284
LADEN_DOWNHILL_WET,165500.0,-8.0,0.35,1 m/s,1.0,2.7366,0.1827,HUMAN,1.2,1.2,1.3827,10.6173
EMPTY_DOWNHILL_WET,74000.0,-8.0,0.35,20 km/h,5.5556,2.8394,5.435,P50,0.3241,1.8007,7.2356,4.7644
EMPTY_DOWNHILL_WET,74000.0,-8.0,0.35,20 km/h,5.5556,2.8394,5.435,P95,0.399,2.2165,7.6515,4.3485
EMPTY_DOWNHILL_WET,74000.0,-8.0,0.35,20 km/h,5.5556,2.8394,5.435,P99,0.4369,2.4272,7.8622,4.1378
EMPTY_DOWNHILL_WET,74000.0,-8.0,0.35,20 km/h,5.5556,2.8394,5.435,MAX,0.4889,2.7162,8.1511,3.8489
EMPTY_DOWNHILL_WET,74000.0,-8.0,0.35,20 km/h,5.5556,2.8394,5.435,HUMAN,1.2,6.6667,12.1016,-0.1016
EMPTY_DOWNHILL_WET,74000.0,-8.0,0.35,15 km/h,4.1667,2.8379,3.0588,P50,0.3241,1.3505,4.4094,7.5906
EMPTY_DOWNHILL_WET,74000.0,-8.0,0.35,15 km/h,4.1667,2.8379,3.0588,P95,0.399,1.6624,4.7212,7.2788
EMPTY_DOWNHILL_WET,74000.0,-8.0,0.35,15 km/h,4.1667,2.8379,3.0588,P99,0.4369,1.8204,4.8792,7.1208
EMPTY_DOWNHILL_WET,74000.0,-8.0,0.35,15 km/h,4.1667,2.8379,3.0588,MAX,0.4889,2.0371,5.096,6.904
EMPTY_DOWNHILL_WET,74000.0,-8.0,0.35,15 km/h,4.1667,2.8379,3.0588,HUMAN,1.2,5.0,8.0588,3.9412
EMPTY_DOWNHILL_WET,74000.0,-8.0,0.35,10 km/h,2.7778,2.8367,1.36,P50,0.3241,0.9003,2.2604,9.7396
EMPTY_DOWNHILL_WET,74000.0,-8.0,0.35,10 km/h,2.7778,2.8367,1.36,P95,0.399,1.1083,2.4683,9.5317
EMPTY_DOWNHILL_WET,74000.0,-8.0,0.35,10 km/h,2.7778,2.8367,1.36,P99,0.4369,1.2136,2.5736,9.4264
EMPTY_DOWNHILL_WET,74000.0,-8.0,0.35,10 km/h,2.7778,2.8367,1.36,MAX,0.4889,1.3581,2.7181,9.2819
EMPTY_DOWNHILL_WET,74000.0,-8.0,0.35,10 km/h,2.7778,2.8367,1.36,HUMAN,1.2,3.3333,4.6934,7.3066
EMPTY_DOWNHILL_WET,74000.0,-8.0,0.35,5 km/h,1.3889,2.8361,0.3401,P50,0.3241,0.4502,0.7903,11.2097
EMPTY_DOWNHILL_WET,74000.0,-8.0,0.35,5 km/h,1.3889,2.8361,0.3401,P95,0.399,0.5541,0.8942,11.1058
EMPTY_DOWNHILL_WET,74000.0,-8.0,0.35,5 km/h,1.3889,2.8361,0.3401,P99,0.4369,0.6068,0.9469,11.0531
EMPTY_DOWNHILL_WET,74000.0,-8.0,0.35,5 km/h,1.3889,2.8361,0.3401,MAX,0.4889,0.679,1.0191,10.9809
EMPTY_DOWNHILL_WET,74000.0,-8.0,0.35,5 km/h,1.3889,2.8361,0.3401,HUMAN,1.2,1.6667,2.0068,9.9932
EMPTY_DOWNHILL_WET,74000.0,-8.0,0.35,1 m/s,1.0,2.836,0.1763,P50,0.3241,0.3241,0.5004,11.4996
EMPTY_DOWNHILL_WET,74000.0,-8.0,0.35,1 m/s,1.0,2.836,0.1763,P95,0.399,0.399,0.5753,11.4247
EMPTY_DOWNHILL_WET,74000.0,-8.0,0.35,1 m/s,1.0,2.836,0.1763,P99,0.4369,0.4369,0.6132,11.3868
EMPTY_DOWNHILL_WET,74000.0,-8.0,0.35,1 m/s,1.0,2.836,0.1763,MAX,0.4889,0.4889,0.6652,11.3348
EMPTY_DOWNHILL_WET,74000.0,-8.0,0.35,1 m/s,1.0,2.836,0.1763,HUMAN,1.2,1.2,1.3763,10.6237
LADEN_FLAT_WET,165500.0,0.0,0.35,20 km/h,5.5556,3.5211,4.3828,P50,0.3241,1.8007,6.1835,5.8165
LADEN_FLAT_WET,165500.0,0.0,0.35,20 km/h,5.5556,3.5211,4.3828,P95,0.399,2.2165,6.5993,5.4007
LADEN_FLAT_WET,165500.0,0.0,0.35,20 km/h,5.5556,3.5211,4.3828,P99,0.4369,2.4272,6.81,5.19
LADEN_FLAT_WET,165500.0,0.0,0.35,20 km/h,5.5556,3.5211,4.3828,MAX,0.4889,2.7162,7.099,4.901
LADEN_FLAT_WET,165500.0,0.0,0.35,20 km/h,5.5556,3.5211,4.3828,HUMAN,1.2,6.6667,11.0495,0.9505
LADEN_FLAT_WET,165500.0,0.0,0.35,15 km/h,4.1667,3.5204,2.4658,P50,0.3241,1.3505,3.8163,8.1837
LADEN_FLAT_WET,165500.0,0.0,0.35,15 km/h,4.1667,3.5204,2.4658,P95,0.399,1.6624,4.1282,7.8718
LADEN_FLAT_WET,165500.0,0.0,0.35,15 km/h,4.1667,3.5204,2.4658,P99,0.4369,1.8204,4.2862,7.7138
LADEN_FLAT_WET,165500.0,0.0,0.35,15 km/h,4.1667,3.5204,2.4658,MAX,0.4889,2.0371,4.5029,7.4971
LADEN_FLAT_WET,165500.0,0.0,0.35,15 km/h,4.1667,3.5204,2.4658,HUMAN,1.2,5.0,7.4658,4.5342
LADEN_FLAT_WET,165500.0,0.0,0.35,10 km/h,2.7778,3.5199,1.0961,P50,0.3241,0.9003,1.9964,10.0036
LADEN_FLAT_WET,165500.0,0.0,0.35,10 km/h,2.7778,3.5199,1.0961,P95,0.399,1.1083,2.2043,9.7957
LADEN_FLAT_WET,165500.0,0.0,0.35,10 km/h,2.7778,3.5199,1.0961,P99,0.4369,1.2136,2.3097,9.6903
LADEN_FLAT_WET,165500.0,0.0,0.35,10 km/h,2.7778,3.5199,1.0961,MAX,0.4889,1.3581,2.4542,9.5458
LADEN_FLAT_WET,165500.0,0.0,0.35,10 km/h,2.7778,3.5199,1.0961,HUMAN,1.2,3.3333,4.4294,7.5706
LADEN_FLAT_WET,165500.0,0.0,0.35,5 km/h,1.3889,3.5196,0.274,P50,0.3241,0.4502,0.7242,11.2758
LADEN_FLAT_WET,165500.0,0.0,0.35,5 km/h,1.3889,3.5196,0.274,P95,0.399,0.5541,0.8282,11.1718
LADEN_FLAT_WET,165500.0,0.0,0.35,5 km/h,1.3889,3.5196,0.274,P99,0.4369,0.6068,0.8808,11.1192
LADEN_FLAT_WET,165500.0,0.0,0.35,5 km/h,1.3889,3.5196,0.274,MAX,0.4889,0.679,0.9531,11.0469
LADEN_FLAT_WET,165500.0,0.0,0.35,5 km/h,1.3889,3.5196,0.274,HUMAN,1.2,1.6667,1.9407,10.0593
LADEN_FLAT_WET,165500.0,0.0,0.35,1 m/s,1.0,3.5195,0.1421,P50,0.3241,0.3241,0.4662,11.5338
LADEN_FLAT_WET,165500.0,0.0,0.35,1 m/s,1.0,3.5195,0.1421,P95,0.399,0.399,0.541,11.459
LADEN_FLAT_WET,165500.0,0.0,0.35,1 m/s,1.0,3.5195,0.1421,P99,0.4369,0.4369,0.579,11.421
LADEN_FLAT_WET,165500.0,0.0,0.35,1 m/s,1.0,3.5195,0.1421,MAX,0.4889,0.4889,0.631,11.369
LADEN_FLAT_WET,165500.0,0.0,0.35,1 m/s,1.0,3.5195,0.1421,HUMAN,1.2,1.2,1.3421,10.6579
EMPTY_FLAT_WET,74000.0,0.0,0.35,20 km/h,5.5556,3.6333,4.2474,P50,0.3241,1.8007,6.0481,5.9519
EMPTY_FLAT_WET,74000.0,0.0,0.35,20 km/h,5.5556,3.6333,4.2474,P95,0.399,2.2165,6.464,5.536
EMPTY_FLAT_WET,74000.0,0.0,0.35,20 km/h,5.5556,3.6333,4.2474,P99,0.4369,2.4272,6.6746,5.3254
EMPTY_FLAT_WET,74000.0,0.0,0.35,20 km/h,5.5556,3.6333,4.2474,MAX,0.4889,2.7162,6.9636,5.0364
EMPTY_FLAT_WET,74000.0,0.0,0.35,20 km/h,5.5556,3.6333,4.2474,HUMAN,1.2,6.6667,10.9141,1.0859
EMPTY_FLAT_WET,74000.0,0.0,0.35,15 km/h,4.1667,3.6317,2.3902,P50,0.3241,1.3505,3.7407,8.2593
EMPTY_FLAT_WET,74000.0,0.0,0.35,15 km/h,4.1667,3.6317,2.3902,P95,0.399,1.6624,4.0526,7.9474
EMPTY_FLAT_WET,74000.0,0.0,0.35,15 km/h,4.1667,3.6317,2.3902,P99,0.4369,1.8204,4.2106,7.7894
EMPTY_FLAT_WET,74000.0,0.0,0.35,15 km/h,4.1667,3.6317,2.3902,MAX,0.4889,2.0371,4.4273,7.5727
EMPTY_FLAT_WET,74000.0,0.0,0.35,15 km/h,4.1667,3.6317,2.3902,HUMAN,1.2,5.0,7.3902,4.6098
EMPTY_FLAT_WET,74000.0,0.0,0.35,10 km/h,2.7778,3.6306,1.0626,P50,0.3241,0.9003,1.963,10.037
EMPTY_FLAT_WET,74000.0,0.0,0.35,10 km/h,2.7778,3.6306,1.0626,P95,0.399,1.1083,2.1709,9.8291
EMPTY_FLAT_WET,74000.0,0.0,0.35,10 km/h,2.7778,3.6306,1.0626,P99,0.4369,1.2136,2.2762,9.7238
EMPTY_FLAT_WET,74000.0,0.0,0.35,10 km/h,2.7778,3.6306,1.0626,MAX,0.4889,1.3581,2.4207,9.5793
EMPTY_FLAT_WET,74000.0,0.0,0.35,10 km/h,2.7778,3.6306,1.0626,HUMAN,1.2,3.3333,4.396,7.604
EMPTY_FLAT_WET,74000.0,0.0,0.35,5 km/h,1.3889,3.6299,0.2657,P50,0.3241,0.4502,0.7159,11.2841
EMPTY_FLAT_WET,74000.0,0.0,0.35,5 km/h,1.3889,3.6299,0.2657,P95,0.399,0.5541,0.8198,11.1802
EMPTY_FLAT_WET,74000.0,0.0,0.35,5 km/h,1.3889,3.6299,0.2657,P99,0.4369,0.6068,0.8725,11.1275
EMPTY_FLAT_WET,74000.0,0.0,0.35,5 km/h,1.3889,3.6299,0.2657,MAX,0.4889,0.679,0.9448,11.0552
EMPTY_FLAT_WET,74000.0,0.0,0.35,5 km/h,1.3889,3.6299,0.2657,HUMAN,1.2,1.6667,1.9324,10.0676
EMPTY_FLAT_WET,74000.0,0.0,0.35,1 m/s,1.0,3.6298,0.1377,P50,0.3241,0.3241,0.4619,11.5381
EMPTY_FLAT_WET,74000.0,0.0,0.35,1 m/s,1.0,3.6298,0.1377,P95,0.399,0.399,0.5367,11.4633
EMPTY_FLAT_WET,74000.0,0.0,0.35,1 m/s,1.0,3.6298,0.1377,P99,0.4369,0.4369,0.5746,11.4254
EMPTY_FLAT_WET,74000.0,0.0,0.35,1 m/s,1.0,3.6298,0.1377,MAX,0.4889,0.4889,0.6267,11.3733
EMPTY_FLAT_WET,74000.0,0.0,0.35,1 m/s,1.0,3.6298,0.1377,HUMAN,1.2,1.2,1.3377,10.6623
LADEN_DOWNHILL_MUD,165500.0,-8.0,0.2,20 km/h,5.5556,1.3706,11.2592,P50,0.3241,1.8007,13.0599,-1.0599
LADEN_DOWNHILL_MUD,165500.0,-8.0,0.2,20 km/h,5.5556,1.3706,11.2592,P95,0.399,2.2165,13.4757,-1.4757
LADEN_DOWNHILL_MUD,165500.0,-8.0,0.2,20 km/h,5.5556,1.3706,11.2592,P99,0.4369,2.4272,13.6864,-1.6864
LADEN_DOWNHILL_MUD,165500.0,-8.0,0.2,20 km/h,5.5556,1.3706,11.2592,MAX,0.4889,2.7162,13.9753,-1.9753
LADEN_DOWNHILL_MUD,165500.0,-8.0,0.2,20 km/h,5.5556,1.3706,11.2592,HUMAN,1.2,6.6667,17.9258,-5.9258
LADEN_DOWNHILL_MUD,165500.0,-8.0,0.2,15 km/h,4.1667,1.3699,6.3365,P50,0.3241,1.3505,7.687,4.313
LADEN_DOWNHILL_MUD,165500.0,-8.0,0.2,15 km/h,4.1667,1.3699,6.3365,P95,0.399,1.6624,7.9989,4.0011
LADEN_DOWNHILL_MUD,165500.0,-8.0,0.2,15 km/h,4.1667,1.3699,6.3365,P99,0.4369,1.8204,8.1569,3.8431
LADEN_DOWNHILL_MUD,165500.0,-8.0,0.2,15 km/h,4.1667,1.3699,6.3365,MAX,0.4889,2.0371,8.3736,3.6264
LADEN_DOWNHILL_MUD,165500.0,-8.0,0.2,15 km/h,4.1667,1.3699,6.3365,HUMAN,1.2,5.0,11.3365,0.6635
LADEN_DOWNHILL_MUD,165500.0,-8.0,0.2,10 km/h,2.7778,1.3694,2.8173,P50,0.3241,0.9003,3.7176,8.2824
LADEN_DOWNHILL_MUD,165500.0,-8.0,0.2,10 km/h,2.7778,1.3694,2.8173,P95,0.399,1.1083,3.9255,8.0745
LADEN_DOWNHILL_MUD,165500.0,-8.0,0.2,10 km/h,2.7778,1.3694,2.8173,P99,0.4369,1.2136,4.0309,7.9691
LADEN_DOWNHILL_MUD,165500.0,-8.0,0.2,10 km/h,2.7778,1.3694,2.8173,MAX,0.4889,1.3581,4.1753,7.8247
LADEN_DOWNHILL_MUD,165500.0,-8.0,0.2,10 km/h,2.7778,1.3694,2.8173,HUMAN,1.2,3.3333,6.1506,5.8494
LADEN_DOWNHILL_MUD,165500.0,-8.0,0.2,5 km/h,1.3889,1.3691,0.7045,P50,0.3241,0.4502,1.1546,10.8454
LADEN_DOWNHILL_MUD,165500.0,-8.0,0.2,5 km/h,1.3889,1.3691,0.7045,P95,0.399,0.5541,1.2586,10.7414
LADEN_DOWNHILL_MUD,165500.0,-8.0,0.2,5 km/h,1.3889,1.3691,0.7045,P99,0.4369,0.6068,1.3113,10.6887
LADEN_DOWNHILL_MUD,165500.0,-8.0,0.2,5 km/h,1.3889,1.3691,0.7045,MAX,0.4889,0.679,1.3835,10.6165
LADEN_DOWNHILL_MUD,165500.0,-8.0,0.2,5 km/h,1.3889,1.3691,0.7045,HUMAN,1.2,1.6667,2.3711,9.6289
LADEN_DOWNHILL_MUD,165500.0,-8.0,0.2,1 m/s,1.0,1.3691,0.3652,P50,0.3241,0.3241,0.6893,11.3107
LADEN_DOWNHILL_MUD,165500.0,-8.0,0.2,1 m/s,1.0,1.3691,0.3652,P95,0.399,0.399,0.7642,11.2358
LADEN_DOWNHILL_MUD,165500.0,-8.0,0.2,1 m/s,1.0,1.3691,0.3652,P99,0.4369,0.4369,0.8021,11.1979
LADEN_DOWNHILL_MUD,165500.0,-8.0,0.2,1 m/s,1.0,1.3691,0.3652,MAX,0.4889,0.4889,0.8541,11.1459
LADEN_DOWNHILL_MUD,165500.0,-8.0,0.2,1 m/s,1.0,1.3691,0.3652,HUMAN,1.2,1.2,1.5652,10.4348
EMPTY_DOWNHILL_MUD,74000.0,-8.0,0.2,20 km/h,5.5556,1.3726,11.2429,P50,0.3241,1.8007,13.0436,-1.0436
EMPTY_DOWNHILL_MUD,74000.0,-8.0,0.2,20 km/h,5.5556,1.3726,11.2429,P95,0.399,2.2165,13.4595,-1.4595
EMPTY_DOWNHILL_MUD,74000.0,-8.0,0.2,20 km/h,5.5556,1.3726,11.2429,P99,0.4369,2.4272,13.6701,-1.6701
EMPTY_DOWNHILL_MUD,74000.0,-8.0,0.2,20 km/h,5.5556,1.3726,11.2429,MAX,0.4889,2.7162,13.9591,-1.9591
EMPTY_DOWNHILL_MUD,74000.0,-8.0,0.2,20 km/h,5.5556,1.3726,11.2429,HUMAN,1.2,6.6667,17.9096,-5.9096
EMPTY_DOWNHILL_MUD,74000.0,-8.0,0.2,15 km/h,4.1667,1.371,6.3314,P50,0.3241,1.3505,7.6819,4.3181
EMPTY_DOWNHILL_MUD,74000.0,-8.0,0.2,15 km/h,4.1667,1.371,6.3314,P95,0.399,1.6624,7.9938,4.0062
EMPTY_DOWNHILL_MUD,74000.0,-8.0,0.2,15 km/h,4.1667,1.371,6.3314,P99,0.4369,1.8204,8.1518,3.8482
EMPTY_DOWNHILL_MUD,74000.0,-8.0,0.2,15 km/h,4.1667,1.371,6.3314,MAX,0.4889,2.0371,8.3685,3.6315
EMPTY_DOWNHILL_MUD,74000.0,-8.0,0.2,15 km/h,4.1667,1.371,6.3314,HUMAN,1.2,5.0,11.3314,0.6686
EMPTY_DOWNHILL_MUD,74000.0,-8.0,0.2,10 km/h,2.7778,1.3699,2.8162,P50,0.3241,0.9003,3.7166,8.2834
EMPTY_DOWNHILL_MUD,74000.0,-8.0,0.2,10 km/h,2.7778,1.3699,2.8162,P95,0.399,1.1083,3.9245,8.0755
EMPTY_DOWNHILL_MUD,74000.0,-8.0,0.2,10 km/h,2.7778,1.3699,2.8162,P99,0.4369,1.2136,4.0298,7.9702
EMPTY_DOWNHILL_MUD,74000.0,-8.0,0.2,10 km/h,2.7778,1.3699,2.8162,MAX,0.4889,1.3581,4.1743,7.8257
EMPTY_DOWNHILL_MUD,74000.0,-8.0,0.2,10 km/h,2.7778,1.3699,2.8162,HUMAN,1.2,3.3333,6.1496,5.8504
EMPTY_DOWNHILL_MUD,74000.0,-8.0,0.2,5 km/h,1.3889,1.3692,0.7044,P50,0.3241,0.4502,1.1546,10.8454
EMPTY_DOWNHILL_MUD,74000.0,-8.0,0.2,5 km/h,1.3889,1.3692,0.7044,P95,0.399,0.5541,1.2585,10.7415
EMPTY_DOWNHILL_MUD,74000.0,-8.0,0.2,5 km/h,1.3889,1.3692,0.7044,P99,0.4369,0.6068,1.3112,10.6888
EMPTY_DOWNHILL_MUD,74000.0,-8.0,0.2,5 km/h,1.3889,1.3692,0.7044,MAX,0.4889,0.679,1.3834,10.6166
EMPTY_DOWNHILL_MUD,74000.0,-8.0,0.2,5 km/h,1.3889,1.3692,0.7044,HUMAN,1.2,1.6667,2.3711,9.6289
EMPTY_DOWNHILL_MUD,74000.0,-8.0,0.2,1 m/s,1.0,1.3691,0.3652,P50,0.3241,0.3241,0.6893,11.3107
EMPTY_DOWNHILL_MUD,74000.0,-8.0,0.2,1 m/s,1.0,1.3691,0.3652,P95,0.399,0.399,0.7642,11.2358
EMPTY_DOWNHILL_MUD,74000.0,-8.0,0.2,1 m/s,1.0,1.3691,0.3652,P99,0.4369,0.4369,0.8021,11.1979
EMPTY_DOWNHILL_MUD,74000.0,-8.0,0.2,1 m/s,1.0,1.3691,0.3652,MAX,0.4889,0.4889,0.8541,11.1459
EMPTY_DOWNHILL_MUD,74000.0,-8.0,0.2,1 m/s,1.0,1.3691,0.3652,HUMAN,1.2,1.2,1.5652,10.4348
