test_case,visibility_m,telemetry_age_s,packet_loss_pct,comm_channel_state,central_target_mps,v_safe_mps,v_command_mps,fallback_mode,safety_invariant_maintained,safety_violations,local_authority_preserved
NORMAL_LORA_V2V,12.0,0.05,0.0,V2V_ONLINE,8.0,4.79,4.79,NOMINAL_GOVERNED,PASS,0,YES
MODERATE_PACKET_LOSS_25,12.0,0.2,25.0,DEGRADED,8.0,4.79,4.79,HEADWAY_EXPANSION_MODE,PASS,0,YES
HEAVY_PACKET_LOSS_50,12.0,0.4,50.0,DEGRADED,8.0,4.79,4.79,HEADWAY_EXPANSION_MODE,PASS,0,YES
SEVERE_PACKET_LOSS_75,12.0,0.8,75.0,DEGRADED,8.0,4.79,4.79,HEADWAY_EXPANSION_MODE,PASS,0,YES
V2V_TOTAL_LOSS_TIMEOUT,12.0,4.5,100.0,OFFLINE,8.0,4.79,4.79,LOCAL_VISUAL_SIGHT_FALLBACK,PASS,0,YES
STALE_VEHICLE_STATE,12.0,3.2,0.0,STALE,8.0,4.79,3.0,CONSERVATIVE_SPEED_CLAMP,PASS,0,YES
REPLAY_DUPLICATE_PACKET,12.0,0.05,0.0,REJECTED_REPLAY,8.0,4.79,3.0,CONSERVATIVE_SPEED_CLAMP,PASS,0,YES
LORA_GATEWAY_SERIAL_DISCONNECT,12.0,5.0,100.0,GATEWAY_DOWN,8.0,4.79,4.79,LOCAL_VISUAL_SIGHT_FALLBACK,PASS,0,YES
WIFI_DISCONNECT_TO_FASTAPI,12.0,6.0,100.0,WIFI_DOWN,8.0,4.79,4.79,LOCAL_VISUAL_SIGHT_FALLBACK,PASS,0,YES
CENTRAL_TWIN_CRASH_OR_LOSS,12.0,10.0,100.0,CENTRAL_OFFLINE,8.0,4.79,4.79,LOCAL_VISUAL_SIGHT_FALLBACK,PASS,0,YES
CENTRAL_ATTEMPTS_UNSAFE_OVERRIDE,12.0,0.05,0.0,V2V_ONLINE,15.0,4.79,4.79,NOMINAL_GOVERNED,PASS,0,YES
ZERO_VISIBILITY_COMM_LOSS,5.0,5.0,100.0,OFFLINE,8.0,0.0,0.0,LOCAL_VISUAL_SIGHT_FALLBACK,PASS,0,YES
