visibility_m,fleet_size,surface_state,v_safe_ramp_mps,v_safe_sb_mps,cycle_time_s,C_road_TPH,C_switchback_TPH,C_shovel_TPH,C_crusher_TPH,C_fleet_TPH,C_network_ceiling_TPH,active_bottleneck
100.0,5,dry,8.33,8.33,1196.1,81654.4,4989.1,2745.0,1647.0,1376.9,1376.9,FLEET_CYCLE_CAPACITY (N=5)
100.0,10,dry,8.33,8.33,1196.1,81654.4,4989.1,2745.0,1647.0,2753.9,1647.0,CRUSHER_SERVICE_RATE (18 VPH)
100.0,20,dry,8.33,8.33,1196.1,81654.4,4989.1,2745.0,1647.0,5507.7,1647.0,CRUSHER_SERVICE_RATE (18 VPH)
100.0,30,dry,8.33,8.33,1196.1,81654.4,4989.1,2745.0,1647.0,8261.6,1647.0,CRUSHER_SERVICE_RATE (18 VPH)
100.0,40,dry,8.33,8.33,1196.1,81654.4,4989.1,2745.0,1647.0,11015.4,1647.0,CRUSHER_SERVICE_RATE (18 VPH)
100.0,50,dry,8.33,8.33,1196.1,81654.4,4989.1,2745.0,1647.0,13769.3,1647.0,CRUSHER_SERVICE_RATE (18 VPH)
50.0,5,dry,8.33,8.33,1196.1,81654.4,4989.1,2745.0,1647.0,1376.9,1376.9,FLEET_CYCLE_CAPACITY (N=5)
50.0,10,dry,8.33,8.33,1196.1,81654.4,4989.1,2745.0,1647.0,2753.9,1647.0,CRUSHER_SERVICE_RATE (18 VPH)
50.0,20,dry,8.33,8.33,1196.1,81654.4,4989.1,2745.0,1647.0,5507.7,1647.0,CRUSHER_SERVICE_RATE (18 VPH)
50.0,30,dry,8.33,8.33,1196.1,81654.4,4989.1,2745.0,1647.0,8261.6,1647.0,CRUSHER_SERVICE_RATE (18 VPH)
50.0,40,dry,8.33,8.33,1196.1,81654.4,4989.1,2745.0,1647.0,11015.4,1647.0,CRUSHER_SERVICE_RATE (18 VPH)
50.0,50,dry,8.33,8.33,1196.1,81654.4,4989.1,2745.0,1647.0,13769.3,1647.0,CRUSHER_SERVICE_RATE (18 VPH)
25.0,5,wet,8.33,8.33,1212.8,80132.7,4988.0,2745.0,1647.0,1358.0,1358.0,FLEET_CYCLE_CAPACITY (N=5)
25.0,10,wet,8.33,8.33,1212.8,80132.7,4988.0,2745.0,1647.0,2716.1,1647.0,CRUSHER_SERVICE_RATE (18 VPH)
25.0,20,wet,8.33,8.33,1212.8,80132.7,4988.0,2745.0,1647.0,5432.2,1647.0,CRUSHER_SERVICE_RATE (18 VPH)
25.0,30,wet,8.33,8.33,1212.8,80132.7,4988.0,2745.0,1647.0,8148.3,1647.0,CRUSHER_SERVICE_RATE (18 VPH)
25.0,40,wet,8.33,8.33,1212.8,80132.7,4988.0,2745.0,1647.0,10864.4,1647.0,CRUSHER_SERVICE_RATE (18 VPH)
25.0,50,wet,8.33,8.33,1212.8,80132.7,4988.0,2745.0,1647.0,13580.4,1647.0,CRUSHER_SERVICE_RATE (18 VPH)
12.0,5,wet,4.79,4.63,1648.8,70035.3,2888.8,2745.0,1647.0,998.9,998.9,FLEET_CYCLE_CAPACITY (N=5)
12.0,10,wet,4.79,4.63,1648.8,70035.3,2888.8,2745.0,1647.0,1997.8,1647.0,CRUSHER_SERVICE_RATE (18 VPH)
12.0,20,wet,4.79,4.63,1648.8,70035.3,2888.8,2745.0,1647.0,3995.6,1647.0,CRUSHER_SERVICE_RATE (18 VPH)
12.0,30,wet,4.79,4.63,1648.8,70035.3,2888.8,2745.0,1647.0,5993.4,1647.0,CRUSHER_SERVICE_RATE (18 VPH)
12.0,40,wet,4.79,4.63,1648.8,70035.3,2888.8,2745.0,1647.0,7991.2,1647.0,CRUSHER_SERVICE_RATE (18 VPH)
12.0,50,wet,4.79,4.63,1648.8,70035.3,2888.8,2745.0,1647.0,9989.0,1647.0,CRUSHER_SERVICE_RATE (18 VPH)
10.0,5,wet,3.93,3.8,1916.8,63105.0,2396.8,2745.0,1647.0,859.2,859.2,FLEET_CYCLE_CAPACITY (N=5)
10.0,10,wet,3.93,3.8,1916.8,63105.0,2396.8,2745.0,1647.0,1718.5,1647.0,CRUSHER_SERVICE_RATE (18 VPH)
10.0,20,wet,3.93,3.8,1916.8,63105.0,2396.8,2745.0,1647.0,3436.9,1647.0,CRUSHER_SERVICE_RATE (18 VPH)
10.0,30,wet,3.93,3.8,1916.8,63105.0,2396.8,2745.0,1647.0,5155.4,1647.0,CRUSHER_SERVICE_RATE (18 VPH)
10.0,40,wet,3.93,3.8,1916.8,63105.0,2396.8,2745.0,1647.0,6873.9,1647.0,CRUSHER_SERVICE_RATE (18 VPH)
10.0,50,wet,3.93,3.8,1916.8,63105.0,2396.8,2745.0,1647.0,8592.4,1647.0,CRUSHER_SERVICE_RATE (18 VPH)
8.0,5,wet,2.88,2.8,2463.6,51312.8,1783.2,2745.0,1647.0,668.5,668.5,FLEET_CYCLE_CAPACITY (N=5)
8.0,10,wet,2.88,2.8,2463.6,51312.8,1783.2,2745.0,1647.0,1337.1,1337.1,FLEET_CYCLE_CAPACITY (N=10)
8.0,20,wet,2.88,2.8,2463.6,51312.8,1783.2,2745.0,1647.0,2674.1,1647.0,CRUSHER_SERVICE_RATE (18 VPH)
8.0,30,wet,2.88,2.8,2463.6,51312.8,1783.2,2745.0,1647.0,4011.2,1647.0,CRUSHER_SERVICE_RATE (18 VPH)
8.0,40,wet,2.88,2.8,2463.6,51312.8,1783.2,2745.0,1647.0,5348.2,1647.0,CRUSHER_SERVICE_RATE (18 VPH)
8.0,50,wet,2.88,2.8,2463.6,51312.8,1783.2,2745.0,1647.0,6685.3,1647.0,CRUSHER_SERVICE_RATE (18 VPH)
5.0,5,wet,0.0,0.0,HALTED,0.0,0.0,2745.0,1647.0,0.0,0.0,TIER_1_SAFETY_ZERO_SPEED_HALT
5.0,10,wet,0.0,0.0,HALTED,0.0,0.0,2745.0,1647.0,0.0,0.0,TIER_1_SAFETY_ZERO_SPEED_HALT
5.0,20,wet,0.0,0.0,HALTED,0.0,0.0,2745.0,1647.0,0.0,0.0,TIER_1_SAFETY_ZERO_SPEED_HALT
5.0,30,wet,0.0,0.0,HALTED,0.0,0.0,2745.0,1647.0,0.0,0.0,TIER_1_SAFETY_ZERO_SPEED_HALT
5.0,40,wet,0.0,0.0,HALTED,0.0,0.0,2745.0,1647.0,0.0,0.0,TIER_1_SAFETY_ZERO_SPEED_HALT
5.0,50,wet,0.0,0.0,HALTED,0.0,0.0,2745.0,1647.0,0.0,0.0,TIER_1_SAFETY_ZERO_SPEED_HALT
4.0,5,wet,0.0,0.0,HALTED,0.0,0.0,2745.0,1647.0,0.0,0.0,TIER_1_SAFETY_ZERO_SPEED_HALT
4.0,10,wet,0.0,0.0,HALTED,0.0,0.0,2745.0,1647.0,0.0,0.0,TIER_1_SAFETY_ZERO_SPEED_HALT
4.0,20,wet,0.0,0.0,HALTED,0.0,0.0,2745.0,1647.0,0.0,0.0,TIER_1_SAFETY_ZERO_SPEED_HALT
4.0,30,wet,0.0,0.0,HALTED,0.0,0.0,2745.0,1647.0,0.0,0.0,TIER_1_SAFETY_ZERO_SPEED_HALT
4.0,40,wet,0.0,0.0,HALTED,0.0,0.0,2745.0,1647.0,0.0,0.0,TIER_1_SAFETY_ZERO_SPEED_HALT
4.0,50,wet,0.0,0.0,HALTED,0.0,0.0,2745.0,1647.0,0.0,0.0,TIER_1_SAFETY_ZERO_SPEED_HALT
3.0,5,wet,0.0,0.0,HALTED,0.0,0.0,2745.0,1647.0,0.0,0.0,TIER_1_SAFETY_ZERO_SPEED_HALT
3.0,10,wet,0.0,0.0,HALTED,0.0,0.0,2745.0,1647.0,0.0,0.0,TIER_1_SAFETY_ZERO_SPEED_HALT
3.0,20,wet,0.0,0.0,HALTED,0.0,0.0,2745.0,1647.0,0.0,0.0,TIER_1_SAFETY_ZERO_SPEED_HALT
3.0,30,wet,0.0,0.0,HALTED,0.0,0.0,2745.0,1647.0,0.0,0.0,TIER_1_SAFETY_ZERO_SPEED_HALT
3.0,40,wet,0.0,0.0,HALTED,0.0,0.0,2745.0,1647.0,0.0,0.0,TIER_1_SAFETY_ZERO_SPEED_HALT
3.0,50,wet,0.0,0.0,HALTED,0.0,0.0,2745.0,1647.0,0.0,0.0,TIER_1_SAFETY_ZERO_SPEED_HALT
