regime,seed,fleet_size,visibility_m,method,production_tph,delivered_tonnes,network_ceiling_tph,productivity_retention_pr,safety_violations,speed_violations,peak_road_queue,mean_road_queue,queue_duration_s,waiting_time_s,idle_percent,recovery_time_s
REGIME_A_LOW_DEMAND,101,10,100.0,STOP_ALL,0.0,0.0,1647.0,0.0,0,0,0.0,0.0,0,550.0,100.0,115.0
REGIME_A_LOW_DEMAND,101,10,100.0,NO_INTELLIGENCE,2745.0,457.5,1647.0,100.0,4220,4220,4.0,0.56,108,34.5,14.1,115.0
REGIME_A_LOW_DEMAND,101,10,100.0,SAFETY_ONLY,2196.0,366.0,1647.0,100.0,0,0,4.0,0.93,171,56.8,17.8,115.0
REGIME_A_LOW_DEMAND,101,10,100.0,SAFETY_CAPACITY,2196.0,366.0,1647.0,100.0,0,0,4.0,0.93,171,56.8,17.8,115.0
REGIME_A_LOW_DEMAND,101,10,100.0,SAFETY_CAPACITY_QUEUE,1098.0,183.0,1647.0,66.7,0,0,6.0,1.52,288,92.2,23.7,115.0
REGIME_A_LOW_DEMAND,101,10,100.0,FOG_ORCHESTRATOR,2196.0,366.0,1647.0,100.0,0,0,4.0,0.93,171,56.8,17.8,65.0
REGIME_A_LOW_DEMAND,101,10,100.0,CHANCE_MPC,549.0,91.5,1647.0,33.3,0,0,5.0,1.45,256,88.2,23.0,65.0
REGIME_A_LOW_DEMAND,104,10,100.0,STOP_ALL,0.0,0.0,1647.0,0.0,0,0,0.0,0.0,0,550.0,100.0,115.0
REGIME_A_LOW_DEMAND,104,10,100.0,NO_INTELLIGENCE,2745.0,457.5,1647.0,100.0,4220,4220,4.0,0.56,108,34.5,14.1,115.0
REGIME_A_LOW_DEMAND,104,10,100.0,SAFETY_ONLY,2196.0,366.0,1647.0,100.0,0,0,4.0,0.93,171,56.8,17.8,115.0
REGIME_A_LOW_DEMAND,104,10,100.0,SAFETY_CAPACITY,2196.0,366.0,1647.0,100.0,0,0,4.0,0.93,171,56.8,17.8,115.0
REGIME_A_LOW_DEMAND,104,10,100.0,SAFETY_CAPACITY_QUEUE,1098.0,183.0,1647.0,66.7,0,0,6.0,1.52,288,92.2,23.7,115.0
REGIME_A_LOW_DEMAND,104,10,100.0,FOG_ORCHESTRATOR,2196.0,366.0,1647.0,100.0,0,0,4.0,0.93,171,56.8,17.8,65.0
REGIME_A_LOW_DEMAND,104,10,100.0,CHANCE_MPC,549.0,91.5,1647.0,33.3,0,0,5.0,1.45,256,88.2,23.0,65.0
REGIME_A_LOW_DEMAND,115,10,100.0,STOP_ALL,0.0,0.0,1647.0,0.0,0,0,0.0,0.0,0,550.0,100.0,115.0
REGIME_A_LOW_DEMAND,115,10,100.0,NO_INTELLIGENCE,2745.0,457.5,1647.0,100.0,4220,4220,4.0,0.56,108,34.5,14.1,115.0
REGIME_A_LOW_DEMAND,115,10,100.0,SAFETY_ONLY,2196.0,366.0,1647.0,100.0,0,0,4.0,0.93,171,56.8,17.8,115.0
REGIME_A_LOW_DEMAND,115,10,100.0,SAFETY_CAPACITY,2196.0,366.0,1647.0,100.0,0,0,4.0,0.93,171,56.8,17.8,115.0
REGIME_A_LOW_DEMAND,115,10,100.0,SAFETY_CAPACITY_QUEUE,1098.0,183.0,1647.0,66.7,0,0,6.0,1.52,288,92.2,23.7,115.0
REGIME_A_LOW_DEMAND,115,10,100.0,FOG_ORCHESTRATOR,2196.0,366.0,1647.0,100.0,0,0,4.0,0.93,171,56.8,17.8,65.0
REGIME_A_LOW_DEMAND,115,10,100.0,CHANCE_MPC,549.0,91.5,1647.0,33.3,0,0,5.0,1.45,256,88.2,23.0,65.0
REGIME_A_LOW_DEMAND,117,10,100.0,STOP_ALL,0.0,0.0,1647.0,0.0,0,0,0.0,0.0,0,550.0,100.0,115.0
REGIME_A_LOW_DEMAND,117,10,100.0,NO_INTELLIGENCE,2745.0,457.5,1647.0,100.0,4220,4220,4.0,0.56,108,34.5,14.1,115.0
REGIME_A_LOW_DEMAND,117,10,100.0,SAFETY_ONLY,2196.0,366.0,1647.0,100.0,0,0,4.0,0.93,171,56.8,17.8,115.0
REGIME_A_LOW_DEMAND,117,10,100.0,SAFETY_CAPACITY,2196.0,366.0,1647.0,100.0,0,0,4.0,0.93,171,56.8,17.8,115.0
REGIME_A_LOW_DEMAND,117,10,100.0,SAFETY_CAPACITY_QUEUE,1098.0,183.0,1647.0,66.7,0,0,6.0,1.52,288,92.2,23.7,115.0
REGIME_A_LOW_DEMAND,117,10,100.0,FOG_ORCHESTRATOR,2196.0,366.0,1647.0,100.0,0,0,4.0,0.93,171,56.8,17.8,65.0
REGIME_A_LOW_DEMAND,117,10,100.0,CHANCE_MPC,549.0,91.5,1647.0,33.3,0,0,5.0,1.45,256,88.2,23.0,65.0
REGIME_A_LOW_DEMAND,121,10,100.0,STOP_ALL,0.0,0.0,1647.0,0.0,0,0,0.0,0.0,0,550.0,100.0,115.0
REGIME_A_LOW_DEMAND,121,10,100.0,NO_INTELLIGENCE,2745.0,457.5,1647.0,100.0,4220,4220,4.0,0.56,108,34.5,14.1,115.0
REGIME_A_LOW_DEMAND,121,10,100.0,SAFETY_ONLY,2196.0,366.0,1647.0,100.0,0,0,4.0,0.93,171,56.8,17.8,115.0
REGIME_A_LOW_DEMAND,121,10,100.0,SAFETY_CAPACITY,2196.0,366.0,1647.0,100.0,0,0,4.0,0.93,171,56.8,17.8,115.0
REGIME_A_LOW_DEMAND,121,10,100.0,SAFETY_CAPACITY_QUEUE,1098.0,183.0,1647.0,66.7,0,0,6.0,1.52,288,92.2,23.7,115.0
REGIME_A_LOW_DEMAND,121,10,100.0,FOG_ORCHESTRATOR,2196.0,366.0,1647.0,100.0,0,0,4.0,0.93,171,56.8,17.8,65.0
REGIME_A_LOW_DEMAND,121,10,100.0,CHANCE_MPC,549.0,91.5,1647.0,33.3,0,0,5.0,1.45,256,88.2,23.0,65.0
REGIME_A_LOW_DEMAND,127,10,100.0,STOP_ALL,0.0,0.0,1647.0,0.0,0,0,0.0,0.0,0,550.0,100.0,115.0
REGIME_A_LOW_DEMAND,127,10,100.0,NO_INTELLIGENCE,2745.0,457.5,1647.0,100.0,4220,4220,4.0,0.56,108,34.5,14.1,115.0
REGIME_A_LOW_DEMAND,127,10,100.0,SAFETY_ONLY,2196.0,366.0,1647.0,100.0,0,0,4.0,0.93,171,56.8,17.8,115.0
REGIME_A_LOW_DEMAND,127,10,100.0,SAFETY_CAPACITY,2196.0,366.0,1647.0,100.0,0,0,4.0,0.93,171,56.8,17.8,115.0
REGIME_A_LOW_DEMAND,127,10,100.0,SAFETY_CAPACITY_QUEUE,1098.0,183.0,1647.0,66.7,0,0,6.0,1.52,288,92.2,23.7,115.0
REGIME_A_LOW_DEMAND,127,10,100.0,FOG_ORCHESTRATOR,2196.0,366.0,1647.0,100.0,0,0,4.0,0.93,171,56.8,17.8,65.0
REGIME_A_LOW_DEMAND,127,10,100.0,CHANCE_MPC,549.0,91.5,1647.0,33.3,0,0,5.0,1.45,256,88.2,23.0,65.0
REGIME_A_LOW_DEMAND,131,10,100.0,STOP_ALL,0.0,0.0,1647.0,0.0,0,0,0.0,0.0,0,550.0,100.0,115.0
REGIME_A_LOW_DEMAND,131,10,100.0,NO_INTELLIGENCE,2745.0,457.5,1647.0,100.0,4220,4220,4.0,0.56,108,34.5,14.1,115.0
REGIME_A_LOW_DEMAND,131,10,100.0,SAFETY_ONLY,2196.0,366.0,1647.0,100.0,0,0,4.0,0.93,171,56.8,17.8,115.0
REGIME_A_LOW_DEMAND,131,10,100.0,SAFETY_CAPACITY,2196.0,366.0,1647.0,100.0,0,0,4.0,0.93,171,56.8,17.8,115.0
REGIME_A_LOW_DEMAND,131,10,100.0,SAFETY_CAPACITY_QUEUE,1098.0,183.0,1647.0,66.7,0,0,6.0,1.52,288,92.2,23.7,115.0
REGIME_A_LOW_DEMAND,131,10,100.0,FOG_ORCHESTRATOR,2196.0,366.0,1647.0,100.0,0,0,4.0,0.93,171,56.8,17.8,65.0
REGIME_A_LOW_DEMAND,131,10,100.0,CHANCE_MPC,549.0,91.5,1647.0,33.3,0,0,5.0,1.45,256,88.2,23.0,65.0
REGIME_A_LOW_DEMAND,137,10,100.0,STOP_ALL,0.0,0.0,1647.0,0.0,0,0,0.0,0.0,0,550.0,100.0,115.0
REGIME_A_LOW_DEMAND,137,10,100.0,NO_INTELLIGENCE,2745.0,457.5,1647.0,100.0,4220,4220,4.0,0.56,108,34.5,14.1,115.0
REGIME_A_LOW_DEMAND,137,10,100.0,SAFETY_ONLY,2196.0,366.0,1647.0,100.0,0,0,4.0,0.93,171,56.8,17.8,115.0
REGIME_A_LOW_DEMAND,137,10,100.0,SAFETY_CAPACITY,2196.0,366.0,1647.0,100.0,0,0,4.0,0.93,171,56.8,17.8,115.0
REGIME_A_LOW_DEMAND,137,10,100.0,SAFETY_CAPACITY_QUEUE,1098.0,183.0,1647.0,66.7,0,0,6.0,1.52,288,92.2,23.7,115.0
REGIME_A_LOW_DEMAND,137,10,100.0,FOG_ORCHESTRATOR,2196.0,366.0,1647.0,100.0,0,0,4.0,0.93,171,56.8,17.8,65.0
REGIME_A_LOW_DEMAND,137,10,100.0,CHANCE_MPC,549.0,91.5,1647.0,33.3,0,0,5.0,1.45,256,88.2,23.0,65.0
REGIME_A_LOW_DEMAND,143,10,100.0,STOP_ALL,0.0,0.0,1647.0,0.0,0,0,0.0,0.0,0,550.0,100.0,115.0
REGIME_A_LOW_DEMAND,143,10,100.0,NO_INTELLIGENCE,2745.0,457.5,1647.0,100.0,4220,4220,4.0,0.56,108,34.5,14.1,115.0
REGIME_A_LOW_DEMAND,143,10,100.0,SAFETY_ONLY,2196.0,366.0,1647.0,100.0,0,0,4.0,0.93,171,56.8,17.8,115.0
REGIME_A_LOW_DEMAND,143,10,100.0,SAFETY_CAPACITY,2196.0,366.0,1647.0,100.0,0,0,4.0,0.93,171,56.8,17.8,115.0
REGIME_A_LOW_DEMAND,143,10,100.0,SAFETY_CAPACITY_QUEUE,1098.0,183.0,1647.0,66.7,0,0,6.0,1.52,288,92.2,23.7,115.0
REGIME_A_LOW_DEMAND,143,10,100.0,FOG_ORCHESTRATOR,2196.0,366.0,1647.0,100.0,0,0,4.0,0.93,171,56.8,17.8,65.0
REGIME_A_LOW_DEMAND,143,10,100.0,CHANCE_MPC,549.0,91.5,1647.0,33.3,0,0,5.0,1.45,256,88.2,23.0,65.0
REGIME_A_LOW_DEMAND,149,10,100.0,STOP_ALL,0.0,0.0,1647.0,0.0,0,0,0.0,0.0,0,550.0,100.0,115.0
REGIME_A_LOW_DEMAND,149,10,100.0,NO_INTELLIGENCE,2745.0,457.5,1647.0,100.0,4220,4220,4.0,0.56,108,34.5,14.1,115.0
REGIME_A_LOW_DEMAND,149,10,100.0,SAFETY_ONLY,2196.0,366.0,1647.0,100.0,0,0,4.0,0.93,171,56.8,17.8,115.0
REGIME_A_LOW_DEMAND,149,10,100.0,SAFETY_CAPACITY,2196.0,366.0,1647.0,100.0,0,0,4.0,0.93,171,56.8,17.8,115.0
REGIME_A_LOW_DEMAND,149,10,100.0,SAFETY_CAPACITY_QUEUE,1098.0,183.0,1647.0,66.7,0,0,6.0,1.52,288,92.2,23.7,115.0
REGIME_A_LOW_DEMAND,149,10,100.0,FOG_ORCHESTRATOR,2196.0,366.0,1647.0,100.0,0,0,4.0,0.93,171,56.8,17.8,65.0
REGIME_A_LOW_DEMAND,149,10,100.0,CHANCE_MPC,549.0,91.5,1647.0,33.3,0,0,5.0,1.45,256,88.2,23.0,65.0
REGIME_A_LOW_DEMAND,151,10,100.0,STOP_ALL,0.0,0.0,1647.0,0.0,0,0,0.0,0.0,0,550.0,100.0,115.0
REGIME_A_LOW_DEMAND,151,10,100.0,NO_INTELLIGENCE,2745.0,457.5,1647.0,100.0,4220,4220,4.0,0.56,108,34.5,14.1,115.0
REGIME_A_LOW_DEMAND,151,10,100.0,SAFETY_ONLY,2196.0,366.0,1647.0,100.0,0,0,4.0,0.93,171,56.8,17.8,115.0
REGIME_A_LOW_DEMAND,151,10,100.0,SAFETY_CAPACITY,2196.0,366.0,1647.0,100.0,0,0,4.0,0.93,171,56.8,17.8,115.0
REGIME_A_LOW_DEMAND,151,10,100.0,SAFETY_CAPACITY_QUEUE,1098.0,183.0,1647.0,66.7,0,0,6.0,1.52,288,92.2,23.7,115.0
REGIME_A_LOW_DEMAND,151,10,100.0,FOG_ORCHESTRATOR,2196.0,366.0,1647.0,100.0,0,0,4.0,0.93,171,56.8,17.8,65.0
REGIME_A_LOW_DEMAND,151,10,100.0,CHANCE_MPC,549.0,91.5,1647.0,33.3,0,0,5.0,1.45,256,88.2,23.0,65.0
REGIME_A_LOW_DEMAND,157,10,100.0,STOP_ALL,0.0,0.0,1647.0,0.0,0,0,0.0,0.0,0,550.0,100.0,115.0
REGIME_A_LOW_DEMAND,157,10,100.0,NO_INTELLIGENCE,2745.0,457.5,1647.0,100.0,4220,4220,4.0,0.56,108,34.5,14.1,115.0
REGIME_A_LOW_DEMAND,157,10,100.0,SAFETY_ONLY,2196.0,366.0,1647.0,100.0,0,0,4.0,0.93,171,56.8,17.8,115.0
REGIME_A_LOW_DEMAND,157,10,100.0,SAFETY_CAPACITY,2196.0,366.0,1647.0,100.0,0,0,4.0,0.93,171,56.8,17.8,115.0
REGIME_A_LOW_DEMAND,157,10,100.0,SAFETY_CAPACITY_QUEUE,1098.0,183.0,1647.0,66.7,0,0,6.0,1.52,288,92.2,23.7,115.0
REGIME_A_LOW_DEMAND,157,10,100.0,FOG_ORCHESTRATOR,2196.0,366.0,1647.0,100.0,0,0,4.0,0.93,171,56.8,17.8,65.0
REGIME_A_LOW_DEMAND,157,10,100.0,CHANCE_MPC,549.0,91.5,1647.0,33.3,0,0,5.0,1.45,256,88.2,23.0,65.0
REGIME_A_LOW_DEMAND,163,10,100.0,STOP_ALL,0.0,0.0,1647.0,0.0,0,0,0.0,0.0,0,550.0,100.0,115.0
REGIME_A_LOW_DEMAND,163,10,100.0,NO_INTELLIGENCE,2745.0,457.5,1647.0,100.0,4220,4220,4.0,0.56,108,34.5,14.1,115.0
REGIME_A_LOW_DEMAND,163,10,100.0,SAFETY_ONLY,2196.0,366.0,1647.0,100.0,0,0,4.0,0.93,171,56.8,17.8,115.0
REGIME_A_LOW_DEMAND,163,10,100.0,SAFETY_CAPACITY,2196.0,366.0,1647.0,100.0,0,0,4.0,0.93,171,56.8,17.8,115.0
REGIME_A_LOW_DEMAND,163,10,100.0,SAFETY_CAPACITY_QUEUE,1098.0,183.0,1647.0,66.7,0,0,6.0,1.52,288,92.2,23.7,115.0
REGIME_A_LOW_DEMAND,163,10,100.0,FOG_ORCHESTRATOR,2196.0,366.0,1647.0,100.0,0,0,4.0,0.93,171,56.8,17.8,65.0
REGIME_A_LOW_DEMAND,163,10,100.0,CHANCE_MPC,549.0,91.5,1647.0,33.3,0,0,5.0,1.45,256,88.2,23.0,65.0
REGIME_A_LOW_DEMAND,167,10,100.0,STOP_ALL,0.0,0.0,1647.0,0.0,0,0,0.0,0.0,0,550.0,100.0,115.0
REGIME_A_LOW_DEMAND,167,10,100.0,NO_INTELLIGENCE,2745.0,457.5,1647.0,100.0,4220,4220,4.0,0.56,108,34.5,14.1,115.0
REGIME_A_LOW_DEMAND,167,10,100.0,SAFETY_ONLY,2196.0,366.0,1647.0,100.0,0,0,4.0,0.93,171,56.8,17.8,115.0
REGIME_A_LOW_DEMAND,167,10,100.0,SAFETY_CAPACITY,2196.0,366.0,1647.0,100.0,0,0,4.0,0.93,171,56.8,17.8,115.0
REGIME_A_LOW_DEMAND,167,10,100.0,SAFETY_CAPACITY_QUEUE,1098.0,183.0,1647.0,66.7,0,0,6.0,1.52,288,92.2,23.7,115.0
REGIME_A_LOW_DEMAND,167,10,100.0,FOG_ORCHESTRATOR,2196.0,366.0,1647.0,100.0,0,0,4.0,0.93,171,56.8,17.8,65.0
REGIME_A_LOW_DEMAND,167,10,100.0,CHANCE_MPC,549.0,91.5,1647.0,33.3,0,0,5.0,1.45,256,88.2,23.0,65.0
REGIME_A_LOW_DEMAND,173,10,100.0,STOP_ALL,0.0,0.0,1647.0,0.0,0,0,0.0,0.0,0,550.0,100.0,115.0
REGIME_A_LOW_DEMAND,173,10,100.0,NO_INTELLIGENCE,2745.0,457.5,1647.0,100.0,4220,4220,4.0,0.56,108,34.5,14.1,115.0
REGIME_A_LOW_DEMAND,173,10,100.0,SAFETY_ONLY,2196.0,366.0,1647.0,100.0,0,0,4.0,0.93,171,56.8,17.8,115.0
REGIME_A_LOW_DEMAND,173,10,100.0,SAFETY_CAPACITY,2196.0,366.0,1647.0,100.0,0,0,4.0,0.93,171,56.8,17.8,115.0
REGIME_A_LOW_DEMAND,173,10,100.0,SAFETY_CAPACITY_QUEUE,1098.0,183.0,1647.0,66.7,0,0,6.0,1.52,288,92.2,23.7,115.0
REGIME_A_LOW_DEMAND,173,10,100.0,FOG_ORCHESTRATOR,2196.0,366.0,1647.0,100.0,0,0,4.0,0.93,171,56.8,17.8,65.0
REGIME_A_LOW_DEMAND,173,10,100.0,CHANCE_MPC,549.0,91.5,1647.0,33.3,0,0,5.0,1.45,256,88.2,23.0,65.0
REGIME_A_LOW_DEMAND,179,10,100.0,STOP_ALL,0.0,0.0,1647.0,0.0,0,0,0.0,0.0,0,550.0,100.0,115.0
REGIME_A_LOW_DEMAND,179,10,100.0,NO_INTELLIGENCE,2745.0,457.5,1647.0,100.0,4220,4220,4.0,0.56,108,34.5,14.1,115.0
REGIME_A_LOW_DEMAND,179,10,100.0,SAFETY_ONLY,2196.0,366.0,1647.0,100.0,0,0,4.0,0.93,171,56.8,17.8,115.0
REGIME_A_LOW_DEMAND,179,10,100.0,SAFETY_CAPACITY,2196.0,366.0,1647.0,100.0,0,0,4.0,0.93,171,56.8,17.8,115.0
REGIME_A_LOW_DEMAND,179,10,100.0,SAFETY_CAPACITY_QUEUE,1098.0,183.0,1647.0,66.7,0,0,6.0,1.52,288,92.2,23.7,115.0
REGIME_A_LOW_DEMAND,179,10,100.0,FOG_ORCHESTRATOR,2196.0,366.0,1647.0,100.0,0,0,4.0,0.93,171,56.8,17.8,65.0
REGIME_A_LOW_DEMAND,179,10,100.0,CHANCE_MPC,549.0,91.5,1647.0,33.3,0,0,5.0,1.45,256,88.2,23.0,65.0
REGIME_A_LOW_DEMAND,181,10,100.0,STOP_ALL,0.0,0.0,1647.0,0.0,0,0,0.0,0.0,0,550.0,100.0,115.0
REGIME_A_LOW_DEMAND,181,10,100.0,NO_INTELLIGENCE,2745.0,457.5,1647.0,100.0,4220,4220,4.0,0.56,108,34.5,14.1,115.0
REGIME_A_LOW_DEMAND,181,10,100.0,SAFETY_ONLY,2196.0,366.0,1647.0,100.0,0,0,4.0,0.93,171,56.8,17.8,115.0
REGIME_A_LOW_DEMAND,181,10,100.0,SAFETY_CAPACITY,2196.0,366.0,1647.0,100.0,0,0,4.0,0.93,171,56.8,17.8,115.0
REGIME_A_LOW_DEMAND,181,10,100.0,SAFETY_CAPACITY_QUEUE,1098.0,183.0,1647.0,66.7,0,0,6.0,1.52,288,92.2,23.7,115.0
REGIME_A_LOW_DEMAND,181,10,100.0,FOG_ORCHESTRATOR,2196.0,366.0,1647.0,100.0,0,0,4.0,0.93,171,56.8,17.8,65.0
REGIME_A_LOW_DEMAND,181,10,100.0,CHANCE_MPC,549.0,91.5,1647.0,33.3,0,0,5.0,1.45,256,88.2,23.0,65.0
REGIME_A_LOW_DEMAND,191,10,100.0,STOP_ALL,0.0,0.0,1647.0,0.0,0,0,0.0,0.0,0,550.0,100.0,115.0
REGIME_A_LOW_DEMAND,191,10,100.0,NO_INTELLIGENCE,2745.0,457.5,1647.0,100.0,4220,4220,4.0,0.56,108,34.5,14.1,115.0
REGIME_A_LOW_DEMAND,191,10,100.0,SAFETY_ONLY,2196.0,366.0,1647.0,100.0,0,0,4.0,0.93,171,56.8,17.8,115.0
REGIME_A_LOW_DEMAND,191,10,100.0,SAFETY_CAPACITY,2196.0,366.0,1647.0,100.0,0,0,4.0,0.93,171,56.8,17.8,115.0
REGIME_A_LOW_DEMAND,191,10,100.0,SAFETY_CAPACITY_QUEUE,1098.0,183.0,1647.0,66.7,0,0,6.0,1.52,288,92.2,23.7,115.0
REGIME_A_LOW_DEMAND,191,10,100.0,FOG_ORCHESTRATOR,2196.0,366.0,1647.0,100.0,0,0,4.0,0.93,171,56.8,17.8,65.0
REGIME_A_LOW_DEMAND,191,10,100.0,CHANCE_MPC,549.0,91.5,1647.0,33.3,0,0,5.0,1.45,256,88.2,23.0,65.0
REGIME_A_LOW_DEMAND,193,10,100.0,STOP_ALL,0.0,0.0,1647.0,0.0,0,0,0.0,0.0,0,550.0,100.0,115.0
REGIME_A_LOW_DEMAND,193,10,100.0,NO_INTELLIGENCE,2745.0,457.5,1647.0,100.0,4220,4220,4.0,0.56,108,34.5,14.1,115.0
REGIME_A_LOW_DEMAND,193,10,100.0,SAFETY_ONLY,2196.0,366.0,1647.0,100.0,0,0,4.0,0.93,171,56.8,17.8,115.0
REGIME_A_LOW_DEMAND,193,10,100.0,SAFETY_CAPACITY,2196.0,366.0,1647.0,100.0,0,0,4.0,0.93,171,56.8,17.8,115.0
REGIME_A_LOW_DEMAND,193,10,100.0,SAFETY_CAPACITY_QUEUE,1098.0,183.0,1647.0,66.7,0,0,6.0,1.52,288,92.2,23.7,115.0
REGIME_A_LOW_DEMAND,193,10,100.0,FOG_ORCHESTRATOR,2196.0,366.0,1647.0,100.0,0,0,4.0,0.93,171,56.8,17.8,65.0
REGIME_A_LOW_DEMAND,193,10,100.0,CHANCE_MPC,549.0,91.5,1647.0,33.3,0,0,5.0,1.45,256,88.2,23.0,65.0
REGIME_A_LOW_DEMAND,197,10,100.0,STOP_ALL,0.0,0.0,1647.0,0.0,0,0,0.0,0.0,0,550.0,100.0,115.0
REGIME_A_LOW_DEMAND,197,10,100.0,NO_INTELLIGENCE,2745.0,457.5,1647.0,100.0,4220,4220,4.0,0.56,108,34.5,14.1,115.0
REGIME_A_LOW_DEMAND,197,10,100.0,SAFETY_ONLY,2196.0,366.0,1647.0,100.0,0,0,4.0,0.93,171,56.8,17.8,115.0
REGIME_A_LOW_DEMAND,197,10,100.0,SAFETY_CAPACITY,2196.0,366.0,1647.0,100.0,0,0,4.0,0.93,171,56.8,17.8,115.0
REGIME_A_LOW_DEMAND,197,10,100.0,SAFETY_CAPACITY_QUEUE,1098.0,183.0,1647.0,66.7,0,0,6.0,1.52,288,92.2,23.7,115.0
REGIME_A_LOW_DEMAND,197,10,100.0,FOG_ORCHESTRATOR,2196.0,366.0,1647.0,100.0,0,0,4.0,0.93,171,56.8,17.8,65.0
REGIME_A_LOW_DEMAND,197,10,100.0,CHANCE_MPC,549.0,91.5,1647.0,33.3,0,0,5.0,1.45,256,88.2,23.0,65.0
REGIME_B_CAPACITY_MATCH,101,20,25.0,STOP_ALL,0.0,0.0,1647.0,0.0,0,0,0.0,0.0,0,487.5,100.0,115.0
REGIME_B_CAPACITY_MATCH,101,20,25.0,NO_INTELLIGENCE,3294.0,549.0,1647.0,100.0,6250,6250,8.0,3.61,439,109.5,37.0,115.0
REGIME_B_CAPACITY_MATCH,101,20,25.0,SAFETY_ONLY,1647.0,274.5,1647.0,100.0,0,0,10.0,4.16,424,125.8,39.7,115.0
REGIME_B_CAPACITY_MATCH,101,20,25.0,SAFETY_CAPACITY,1647.0,274.5,1647.0,100.0,0,0,10.0,4.16,424,125.8,39.7,115.0
REGIME_B_CAPACITY_MATCH,101,20,25.0,SAFETY_CAPACITY_QUEUE,0.0,0.0,1647.0,0.0,0,0,8.0,2.47,418,75.0,31.3,115.0
REGIME_B_CAPACITY_MATCH,101,20,25.0,FOG_ORCHESTRATOR,1647.0,274.5,1647.0,100.0,0,0,5.0,1.56,275,152.8,44.2,65.0
REGIME_B_CAPACITY_MATCH,101,20,25.0,CHANCE_MPC,549.0,91.5,1647.0,33.3,0,0,11.0,4.58,390,138.2,41.8,65.0
REGIME_B_CAPACITY_MATCH,104,20,25.0,STOP_ALL,0.0,0.0,1647.0,0.0,0,0,0.0,0.0,0,487.5,100.0,115.0
REGIME_B_CAPACITY_MATCH,104,20,25.0,NO_INTELLIGENCE,3294.0,549.0,1647.0,100.0,6250,6250,8.0,3.61,439,109.5,37.0,115.0
REGIME_B_CAPACITY_MATCH,104,20,25.0,SAFETY_ONLY,1647.0,274.5,1647.0,100.0,0,0,10.0,4.16,424,125.8,39.7,115.0
REGIME_B_CAPACITY_MATCH,104,20,25.0,SAFETY_CAPACITY,1647.0,274.5,1647.0,100.0,0,0,10.0,4.16,424,125.8,39.7,115.0
REGIME_B_CAPACITY_MATCH,104,20,25.0,SAFETY_CAPACITY_QUEUE,0.0,0.0,1647.0,0.0,0,0,8.0,2.47,418,75.0,31.3,115.0
REGIME_B_CAPACITY_MATCH,104,20,25.0,FOG_ORCHESTRATOR,1647.0,274.5,1647.0,100.0,0,0,5.0,1.56,275,152.8,44.2,65.0
REGIME_B_CAPACITY_MATCH,104,20,25.0,CHANCE_MPC,549.0,91.5,1647.0,33.3,0,0,11.0,4.58,390,138.2,41.8,65.0
REGIME_B_CAPACITY_MATCH,115,20,25.0,STOP_ALL,0.0,0.0,1647.0,0.0,0,0,0.0,0.0,0,487.5,100.0,115.0
REGIME_B_CAPACITY_MATCH,115,20,25.0,NO_INTELLIGENCE,3294.0,549.0,1647.0,100.0,6250,6250,8.0,3.61,439,109.5,37.0,115.0
REGIME_B_CAPACITY_MATCH,115,20,25.0,SAFETY_ONLY,1647.0,274.5,1647.0,100.0,0,0,10.0,4.16,424,125.8,39.7,115.0
REGIME_B_CAPACITY_MATCH,115,20,25.0,SAFETY_CAPACITY,1647.0,274.5,1647.0,100.0,0,0,10.0,4.16,424,125.8,39.7,115.0
REGIME_B_CAPACITY_MATCH,115,20,25.0,SAFETY_CAPACITY_QUEUE,0.0,0.0,1647.0,0.0,0,0,8.0,2.47,418,75.0,31.3,115.0
REGIME_B_CAPACITY_MATCH,115,20,25.0,FOG_ORCHESTRATOR,1647.0,274.5,1647.0,100.0,0,0,5.0,1.56,275,152.8,44.2,65.0
REGIME_B_CAPACITY_MATCH,115,20,25.0,CHANCE_MPC,549.0,91.5,1647.0,33.3,0,0,11.0,4.58,390,138.2,41.8,65.0
REGIME_B_CAPACITY_MATCH,117,20,25.0,STOP_ALL,0.0,0.0,1647.0,0.0,0,0,0.0,0.0,0,487.5,100.0,115.0
REGIME_B_CAPACITY_MATCH,117,20,25.0,NO_INTELLIGENCE,3294.0,549.0,1647.0,100.0,6250,6250,8.0,3.61,439,109.5,37.0,115.0
REGIME_B_CAPACITY_MATCH,117,20,25.0,SAFETY_ONLY,1647.0,274.5,1647.0,100.0,0,0,10.0,4.16,424,125.8,39.7,115.0
REGIME_B_CAPACITY_MATCH,117,20,25.0,SAFETY_CAPACITY,1647.0,274.5,1647.0,100.0,0,0,10.0,4.16,424,125.8,39.7,115.0
REGIME_B_CAPACITY_MATCH,117,20,25.0,SAFETY_CAPACITY_QUEUE,0.0,0.0,1647.0,0.0,0,0,8.0,2.47,418,75.0,31.3,115.0
REGIME_B_CAPACITY_MATCH,117,20,25.0,FOG_ORCHESTRATOR,1647.0,274.5,1647.0,100.0,0,0,5.0,1.56,275,152.8,44.2,65.0
REGIME_B_CAPACITY_MATCH,117,20,25.0,CHANCE_MPC,549.0,91.5,1647.0,33.3,0,0,11.0,4.58,390,138.2,41.8,65.0
REGIME_B_CAPACITY_MATCH,121,20,25.0,STOP_ALL,0.0,0.0,1647.0,0.0,0,0,0.0,0.0,0,487.5,100.0,115.0
REGIME_B_CAPACITY_MATCH,121,20,25.0,NO_INTELLIGENCE,3294.0,549.0,1647.0,100.0,6250,6250,8.0,3.61,439,109.5,37.0,115.0
REGIME_B_CAPACITY_MATCH,121,20,25.0,SAFETY_ONLY,1647.0,274.5,1647.0,100.0,0,0,10.0,4.16,424,125.8,39.7,115.0
REGIME_B_CAPACITY_MATCH,121,20,25.0,SAFETY_CAPACITY,1647.0,274.5,1647.0,100.0,0,0,10.0,4.16,424,125.8,39.7,115.0
REGIME_B_CAPACITY_MATCH,121,20,25.0,SAFETY_CAPACITY_QUEUE,0.0,0.0,1647.0,0.0,0,0,8.0,2.47,418,75.0,31.3,115.0
REGIME_B_CAPACITY_MATCH,121,20,25.0,FOG_ORCHESTRATOR,1647.0,274.5,1647.0,100.0,0,0,5.0,1.56,275,152.8,44.2,65.0
REGIME_B_CAPACITY_MATCH,121,20,25.0,CHANCE_MPC,549.0,91.5,1647.0,33.3,0,0,11.0,4.58,390,138.2,41.8,65.0
REGIME_B_CAPACITY_MATCH,127,20,25.0,STOP_ALL,0.0,0.0,1647.0,0.0,0,0,0.0,0.0,0,487.5,100.0,115.0
REGIME_B_CAPACITY_MATCH,127,20,25.0,NO_INTELLIGENCE,3294.0,549.0,1647.0,100.0,6250,6250,8.0,3.61,439,109.5,37.0,115.0
REGIME_B_CAPACITY_MATCH,127,20,25.0,SAFETY_ONLY,1647.0,274.5,1647.0,100.0,0,0,10.0,4.16,424,125.8,39.7,115.0
REGIME_B_CAPACITY_MATCH,127,20,25.0,SAFETY_CAPACITY,1647.0,274.5,1647.0,100.0,0,0,10.0,4.16,424,125.8,39.7,115.0
REGIME_B_CAPACITY_MATCH,127,20,25.0,SAFETY_CAPACITY_QUEUE,0.0,0.0,1647.0,0.0,0,0,8.0,2.47,418,75.0,31.3,115.0
REGIME_B_CAPACITY_MATCH,127,20,25.0,FOG_ORCHESTRATOR,1647.0,274.5,1647.0,100.0,0,0,5.0,1.56,275,152.8,44.2,65.0
REGIME_B_CAPACITY_MATCH,127,20,25.0,CHANCE_MPC,549.0,91.5,1647.0,33.3,0,0,11.0,4.58,390,138.2,41.8,65.0
REGIME_B_CAPACITY_MATCH,131,20,25.0,STOP_ALL,0.0,0.0,1647.0,0.0,0,0,0.0,0.0,0,487.5,100.0,115.0
REGIME_B_CAPACITY_MATCH,131,20,25.0,NO_INTELLIGENCE,3294.0,549.0,1647.0,100.0,6250,6250,8.0,3.61,439,109.5,37.0,115.0
REGIME_B_CAPACITY_MATCH,131,20,25.0,SAFETY_ONLY,1647.0,274.5,1647.0,100.0,0,0,10.0,4.16,424,125.8,39.7,115.0
REGIME_B_CAPACITY_MATCH,131,20,25.0,SAFETY_CAPACITY,1647.0,274.5,1647.0,100.0,0,0,10.0,4.16,424,125.8,39.7,115.0
REGIME_B_CAPACITY_MATCH,131,20,25.0,SAFETY_CAPACITY_QUEUE,0.0,0.0,1647.0,0.0,0,0,8.0,2.47,418,75.0,31.3,115.0
REGIME_B_CAPACITY_MATCH,131,20,25.0,FOG_ORCHESTRATOR,1647.0,274.5,1647.0,100.0,0,0,5.0,1.56,275,152.8,44.2,65.0
REGIME_B_CAPACITY_MATCH,131,20,25.0,CHANCE_MPC,549.0,91.5,1647.0,33.3,0,0,11.0,4.58,390,138.2,41.8,65.0
REGIME_B_CAPACITY_MATCH,137,20,25.0,STOP_ALL,0.0,0.0,1647.0,0.0,0,0,0.0,0.0,0,487.5,100.0,115.0
REGIME_B_CAPACITY_MATCH,137,20,25.0,NO_INTELLIGENCE,3294.0,549.0,1647.0,100.0,6250,6250,8.0,3.61,439,109.5,37.0,115.0
REGIME_B_CAPACITY_MATCH,137,20,25.0,SAFETY_ONLY,1647.0,274.5,1647.0,100.0,0,0,10.0,4.16,424,125.8,39.7,115.0
REGIME_B_CAPACITY_MATCH,137,20,25.0,SAFETY_CAPACITY,1647.0,274.5,1647.0,100.0,0,0,10.0,4.16,424,125.8,39.7,115.0
REGIME_B_CAPACITY_MATCH,137,20,25.0,SAFETY_CAPACITY_QUEUE,0.0,0.0,1647.0,0.0,0,0,8.0,2.47,418,75.0,31.3,115.0
REGIME_B_CAPACITY_MATCH,137,20,25.0,FOG_ORCHESTRATOR,1647.0,274.5,1647.0,100.0,0,0,5.0,1.56,275,152.8,44.2,65.0
REGIME_B_CAPACITY_MATCH,137,20,25.0,CHANCE_MPC,549.0,91.5,1647.0,33.3,0,0,11.0,4.58,390,138.2,41.8,65.0
REGIME_B_CAPACITY_MATCH,143,20,25.0,STOP_ALL,0.0,0.0,1647.0,0.0,0,0,0.0,0.0,0,487.5,100.0,115.0
REGIME_B_CAPACITY_MATCH,143,20,25.0,NO_INTELLIGENCE,3294.0,549.0,1647.0,100.0,6250,6250,8.0,3.61,439,109.5,37.0,115.0
REGIME_B_CAPACITY_MATCH,143,20,25.0,SAFETY_ONLY,1647.0,274.5,1647.0,100.0,0,0,10.0,4.16,424,125.8,39.7,115.0
REGIME_B_CAPACITY_MATCH,143,20,25.0,SAFETY_CAPACITY,1647.0,274.5,1647.0,100.0,0,0,10.0,4.16,424,125.8,39.7,115.0
REGIME_B_CAPACITY_MATCH,143,20,25.0,SAFETY_CAPACITY_QUEUE,0.0,0.0,1647.0,0.0,0,0,8.0,2.47,418,75.0,31.3,115.0
REGIME_B_CAPACITY_MATCH,143,20,25.0,FOG_ORCHESTRATOR,1647.0,274.5,1647.0,100.0,0,0,5.0,1.56,275,152.8,44.2,65.0
REGIME_B_CAPACITY_MATCH,143,20,25.0,CHANCE_MPC,549.0,91.5,1647.0,33.3,0,0,11.0,4.58,390,138.2,41.8,65.0
REGIME_B_CAPACITY_MATCH,149,20,25.0,STOP_ALL,0.0,0.0,1647.0,0.0,0,0,0.0,0.0,0,487.5,100.0,115.0
REGIME_B_CAPACITY_MATCH,149,20,25.0,NO_INTELLIGENCE,3294.0,549.0,1647.0,100.0,6250,6250,8.0,3.61,439,109.5,37.0,115.0
REGIME_B_CAPACITY_MATCH,149,20,25.0,SAFETY_ONLY,1647.0,274.5,1647.0,100.0,0,0,10.0,4.16,424,125.8,39.7,115.0
REGIME_B_CAPACITY_MATCH,149,20,25.0,SAFETY_CAPACITY,1647.0,274.5,1647.0,100.0,0,0,10.0,4.16,424,125.8,39.7,115.0
REGIME_B_CAPACITY_MATCH,149,20,25.0,SAFETY_CAPACITY_QUEUE,0.0,0.0,1647.0,0.0,0,0,8.0,2.47,418,75.0,31.3,115.0
REGIME_B_CAPACITY_MATCH,149,20,25.0,FOG_ORCHESTRATOR,1647.0,274.5,1647.0,100.0,0,0,5.0,1.56,275,152.8,44.2,65.0
REGIME_B_CAPACITY_MATCH,149,20,25.0,CHANCE_MPC,549.0,91.5,1647.0,33.3,0,0,11.0,4.58,390,138.2,41.8,65.0
REGIME_B_CAPACITY_MATCH,151,20,25.0,STOP_ALL,0.0,0.0,1647.0,0.0,0,0,0.0,0.0,0,487.5,100.0,115.0
REGIME_B_CAPACITY_MATCH,151,20,25.0,NO_INTELLIGENCE,3294.0,549.0,1647.0,100.0,6250,6250,8.0,3.61,439,109.5,37.0,115.0
REGIME_B_CAPACITY_MATCH,151,20,25.0,SAFETY_ONLY,1647.0,274.5,1647.0,100.0,0,0,10.0,4.16,424,125.8,39.7,115.0
REGIME_B_CAPACITY_MATCH,151,20,25.0,SAFETY_CAPACITY,1647.0,274.5,1647.0,100.0,0,0,10.0,4.16,424,125.8,39.7,115.0
REGIME_B_CAPACITY_MATCH,151,20,25.0,SAFETY_CAPACITY_QUEUE,0.0,0.0,1647.0,0.0,0,0,8.0,2.47,418,75.0,31.3,115.0
REGIME_B_CAPACITY_MATCH,151,20,25.0,FOG_ORCHESTRATOR,1647.0,274.5,1647.0,100.0,0,0,5.0,1.56,275,152.8,44.2,65.0
REGIME_B_CAPACITY_MATCH,151,20,25.0,CHANCE_MPC,549.0,91.5,1647.0,33.3,0,0,11.0,4.58,390,138.2,41.8,65.0
REGIME_B_CAPACITY_MATCH,157,20,25.0,STOP_ALL,0.0,0.0,1647.0,0.0,0,0,0.0,0.0,0,487.5,100.0,115.0
REGIME_B_CAPACITY_MATCH,157,20,25.0,NO_INTELLIGENCE,3294.0,549.0,1647.0,100.0,6250,6250,8.0,3.61,439,109.5,37.0,115.0
REGIME_B_CAPACITY_MATCH,157,20,25.0,SAFETY_ONLY,1647.0,274.5,1647.0,100.0,0,0,10.0,4.16,424,125.8,39.7,115.0
REGIME_B_CAPACITY_MATCH,157,20,25.0,SAFETY_CAPACITY,1647.0,274.5,1647.0,100.0,0,0,10.0,4.16,424,125.8,39.7,115.0
REGIME_B_CAPACITY_MATCH,157,20,25.0,SAFETY_CAPACITY_QUEUE,0.0,0.0,1647.0,0.0,0,0,8.0,2.47,418,75.0,31.3,115.0
REGIME_B_CAPACITY_MATCH,157,20,25.0,FOG_ORCHESTRATOR,1647.0,274.5,1647.0,100.0,0,0,5.0,1.56,275,152.8,44.2,65.0
REGIME_B_CAPACITY_MATCH,157,20,25.0,CHANCE_MPC,549.0,91.5,1647.0,33.3,0,0,11.0,4.58,390,138.2,41.8,65.0
REGIME_B_CAPACITY_MATCH,163,20,25.0,STOP_ALL,0.0,0.0,1647.0,0.0,0,0,0.0,0.0,0,487.5,100.0,115.0
REGIME_B_CAPACITY_MATCH,163,20,25.0,NO_INTELLIGENCE,3294.0,549.0,1647.0,100.0,6250,6250,8.0,3.61,439,109.5,37.0,115.0
REGIME_B_CAPACITY_MATCH,163,20,25.0,SAFETY_ONLY,1647.0,274.5,1647.0,100.0,0,0,10.0,4.16,424,125.8,39.7,115.0
REGIME_B_CAPACITY_MATCH,163,20,25.0,SAFETY_CAPACITY,1647.0,274.5,1647.0,100.0,0,0,10.0,4.16,424,125.8,39.7,115.0
REGIME_B_CAPACITY_MATCH,163,20,25.0,SAFETY_CAPACITY_QUEUE,0.0,0.0,1647.0,0.0,0,0,8.0,2.47,418,75.0,31.3,115.0
REGIME_B_CAPACITY_MATCH,163,20,25.0,FOG_ORCHESTRATOR,1647.0,274.5,1647.0,100.0,0,0,5.0,1.56,275,152.8,44.2,65.0
REGIME_B_CAPACITY_MATCH,163,20,25.0,CHANCE_MPC,549.0,91.5,1647.0,33.3,0,0,11.0,4.58,390,138.2,41.8,65.0
REGIME_B_CAPACITY_MATCH,167,20,25.0,STOP_ALL,0.0,0.0,1647.0,0.0,0,0,0.0,0.0,0,487.5,100.0,115.0
REGIME_B_CAPACITY_MATCH,167,20,25.0,NO_INTELLIGENCE,3294.0,549.0,1647.0,100.0,6250,6250,8.0,3.61,439,109.5,37.0,115.0
REGIME_B_CAPACITY_MATCH,167,20,25.0,SAFETY_ONLY,1647.0,274.5,1647.0,100.0,0,0,10.0,4.16,424,125.8,39.7,115.0
REGIME_B_CAPACITY_MATCH,167,20,25.0,SAFETY_CAPACITY,1647.0,274.5,1647.0,100.0,0,0,10.0,4.16,424,125.8,39.7,115.0
REGIME_B_CAPACITY_MATCH,167,20,25.0,SAFETY_CAPACITY_QUEUE,0.0,0.0,1647.0,0.0,0,0,8.0,2.47,418,75.0,31.3,115.0
REGIME_B_CAPACITY_MATCH,167,20,25.0,FOG_ORCHESTRATOR,1647.0,274.5,1647.0,100.0,0,0,5.0,1.56,275,152.8,44.2,65.0
REGIME_B_CAPACITY_MATCH,167,20,25.0,CHANCE_MPC,549.0,91.5,1647.0,33.3,0,0,11.0,4.58,390,138.2,41.8,65.0
REGIME_B_CAPACITY_MATCH,173,20,25.0,STOP_ALL,0.0,0.0,1647.0,0.0,0,0,0.0,0.0,0,487.5,100.0,115.0
REGIME_B_CAPACITY_MATCH,173,20,25.0,NO_INTELLIGENCE,3294.0,549.0,1647.0,100.0,6250,6250,8.0,3.61,439,109.5,37.0,115.0
REGIME_B_CAPACITY_MATCH,173,20,25.0,SAFETY_ONLY,1647.0,274.5,1647.0,100.0,0,0,10.0,4.16,424,125.8,39.7,115.0
REGIME_B_CAPACITY_MATCH,173,20,25.0,SAFETY_CAPACITY,1647.0,274.5,1647.0,100.0,0,0,10.0,4.16,424,125.8,39.7,115.0
REGIME_B_CAPACITY_MATCH,173,20,25.0,SAFETY_CAPACITY_QUEUE,0.0,0.0,1647.0,0.0,0,0,8.0,2.47,418,75.0,31.3,115.0
REGIME_B_CAPACITY_MATCH,173,20,25.0,FOG_ORCHESTRATOR,1647.0,274.5,1647.0,100.0,0,0,5.0,1.56,275,152.8,44.2,65.0
REGIME_B_CAPACITY_MATCH,173,20,25.0,CHANCE_MPC,549.0,91.5,1647.0,33.3,0,0,11.0,4.58,390,138.2,41.8,65.0
REGIME_B_CAPACITY_MATCH,179,20,25.0,STOP_ALL,0.0,0.0,1647.0,0.0,0,0,0.0,0.0,0,487.5,100.0,115.0
REGIME_B_CAPACITY_MATCH,179,20,25.0,NO_INTELLIGENCE,3294.0,549.0,1647.0,100.0,6250,6250,8.0,3.61,439,109.5,37.0,115.0
REGIME_B_CAPACITY_MATCH,179,20,25.0,SAFETY_ONLY,1647.0,274.5,1647.0,100.0,0,0,10.0,4.16,424,125.8,39.7,115.0
REGIME_B_CAPACITY_MATCH,179,20,25.0,SAFETY_CAPACITY,1647.0,274.5,1647.0,100.0,0,0,10.0,4.16,424,125.8,39.7,115.0
REGIME_B_CAPACITY_MATCH,179,20,25.0,SAFETY_CAPACITY_QUEUE,0.0,0.0,1647.0,0.0,0,0,8.0,2.47,418,75.0,31.3,115.0
REGIME_B_CAPACITY_MATCH,179,20,25.0,FOG_ORCHESTRATOR,1647.0,274.5,1647.0,100.0,0,0,5.0,1.56,275,152.8,44.2,65.0
REGIME_B_CAPACITY_MATCH,179,20,25.0,CHANCE_MPC,549.0,91.5,1647.0,33.3,0,0,11.0,4.58,390,138.2,41.8,65.0
REGIME_B_CAPACITY_MATCH,181,20,25.0,STOP_ALL,0.0,0.0,1647.0,0.0,0,0,0.0,0.0,0,487.5,100.0,115.0
REGIME_B_CAPACITY_MATCH,181,20,25.0,NO_INTELLIGENCE,3294.0,549.0,1647.0,100.0,6250,6250,8.0,3.61,439,109.5,37.0,115.0
REGIME_B_CAPACITY_MATCH,181,20,25.0,SAFETY_ONLY,1647.0,274.5,1647.0,100.0,0,0,10.0,4.16,424,125.8,39.7,115.0
REGIME_B_CAPACITY_MATCH,181,20,25.0,SAFETY_CAPACITY,1647.0,274.5,1647.0,100.0,0,0,10.0,4.16,424,125.8,39.7,115.0
REGIME_B_CAPACITY_MATCH,181,20,25.0,SAFETY_CAPACITY_QUEUE,0.0,0.0,1647.0,0.0,0,0,8.0,2.47,418,75.0,31.3,115.0
REGIME_B_CAPACITY_MATCH,181,20,25.0,FOG_ORCHESTRATOR,1647.0,274.5,1647.0,100.0,0,0,5.0,1.56,275,152.8,44.2,65.0
REGIME_B_CAPACITY_MATCH,181,20,25.0,CHANCE_MPC,549.0,91.5,1647.0,33.3,0,0,11.0,4.58,390,138.2,41.8,65.0
REGIME_B_CAPACITY_MATCH,191,20,25.0,STOP_ALL,0.0,0.0,1647.0,0.0,0,0,0.0,0.0,0,487.5,100.0,115.0
REGIME_B_CAPACITY_MATCH,191,20,25.0,NO_INTELLIGENCE,3294.0,549.0,1647.0,100.0,6250,6250,8.0,3.61,439,109.5,37.0,115.0
REGIME_B_CAPACITY_MATCH,191,20,25.0,SAFETY_ONLY,1647.0,274.5,1647.0,100.0,0,0,10.0,4.16,424,125.8,39.7,115.0
REGIME_B_CAPACITY_MATCH,191,20,25.0,SAFETY_CAPACITY,1647.0,274.5,1647.0,100.0,0,0,10.0,4.16,424,125.8,39.7,115.0
REGIME_B_CAPACITY_MATCH,191,20,25.0,SAFETY_CAPACITY_QUEUE,0.0,0.0,1647.0,0.0,0,0,8.0,2.47,418,75.0,31.3,115.0
REGIME_B_CAPACITY_MATCH,191,20,25.0,FOG_ORCHESTRATOR,1647.0,274.5,1647.0,100.0,0,0,5.0,1.56,275,152.8,44.2,65.0
REGIME_B_CAPACITY_MATCH,191,20,25.0,CHANCE_MPC,549.0,91.5,1647.0,33.3,0,0,11.0,4.58,390,138.2,41.8,65.0
REGIME_B_CAPACITY_MATCH,193,20,25.0,STOP_ALL,0.0,0.0,1647.0,0.0,0,0,0.0,0.0,0,487.5,100.0,115.0
REGIME_B_CAPACITY_MATCH,193,20,25.0,NO_INTELLIGENCE,3294.0,549.0,1647.0,100.0,6250,6250,8.0,3.61,439,109.5,37.0,115.0
REGIME_B_CAPACITY_MATCH,193,20,25.0,SAFETY_ONLY,1647.0,274.5,1647.0,100.0,0,0,10.0,4.16,424,125.8,39.7,115.0
REGIME_B_CAPACITY_MATCH,193,20,25.0,SAFETY_CAPACITY,1647.0,274.5,1647.0,100.0,0,0,10.0,4.16,424,125.8,39.7,115.0
REGIME_B_CAPACITY_MATCH,193,20,25.0,SAFETY_CAPACITY_QUEUE,0.0,0.0,1647.0,0.0,0,0,8.0,2.47,418,75.0,31.3,115.0
REGIME_B_CAPACITY_MATCH,193,20,25.0,FOG_ORCHESTRATOR,1647.0,274.5,1647.0,100.0,0,0,5.0,1.56,275,152.8,44.2,65.0
REGIME_B_CAPACITY_MATCH,193,20,25.0,CHANCE_MPC,549.0,91.5,1647.0,33.3,0,0,11.0,4.58,390,138.2,41.8,65.0
REGIME_B_CAPACITY_MATCH,197,20,25.0,STOP_ALL,0.0,0.0,1647.0,0.0,0,0,0.0,0.0,0,487.5,100.0,115.0
REGIME_B_CAPACITY_MATCH,197,20,25.0,NO_INTELLIGENCE,3294.0,549.0,1647.0,100.0,6250,6250,8.0,3.61,439,109.5,37.0,115.0
REGIME_B_CAPACITY_MATCH,197,20,25.0,SAFETY_ONLY,1647.0,274.5,1647.0,100.0,0,0,10.0,4.16,424,125.8,39.7,115.0
REGIME_B_CAPACITY_MATCH,197,20,25.0,SAFETY_CAPACITY,1647.0,274.5,1647.0,100.0,0,0,10.0,4.16,424,125.8,39.7,115.0
REGIME_B_CAPACITY_MATCH,197,20,25.0,SAFETY_CAPACITY_QUEUE,0.0,0.0,1647.0,0.0,0,0,8.0,2.47,418,75.0,31.3,115.0
REGIME_B_CAPACITY_MATCH,197,20,25.0,FOG_ORCHESTRATOR,1647.0,274.5,1647.0,100.0,0,0,5.0,1.56,275,152.8,44.2,65.0
REGIME_B_CAPACITY_MATCH,197,20,25.0,CHANCE_MPC,549.0,91.5,1647.0,33.3,0,0,11.0,4.58,390,138.2,41.8,65.0
REGIME_C_FOG_BOTTLENECK,101,30,12.0,STOP_ALL,0.0,0.0,1647.0,0.0,0,0,0.0,0.0,0,425.0,100.0,115.0
REGIME_C_FOG_BOTTLENECK,101,30,12.0,NO_INTELLIGENCE,3294.0,549.0,1647.0,100.0,7248,7248,14.0,6.28,447,126.6,50.3,115.0
REGIME_C_FOG_BOTTLENECK,101,30,12.0,SAFETY_ONLY,0.0,0.0,1647.0,0.0,0,0,18.0,5.82,355,117.4,48.7,115.0
REGIME_C_FOG_BOTTLENECK,101,30,12.0,SAFETY_CAPACITY,0.0,0.0,1647.0,0.0,0,0,18.0,5.82,355,117.4,48.7,115.0
REGIME_C_FOG_BOTTLENECK,101,30,12.0,SAFETY_CAPACITY_QUEUE,0.0,0.0,1647.0,0.0,0,0,8.0,2.63,349,53.6,38.1,115.0
REGIME_C_FOG_BOTTLENECK,101,30,12.0,FOG_ORCHESTRATOR,0.0,0.0,1647.0,0.0,0,0,9.0,3.62,354,231.5,67.7,65.0
REGIME_C_FOG_BOTTLENECK,101,30,12.0,CHANCE_MPC,0.0,0.0,1647.0,0.0,0,0,18.0,4.34,278,87.8,43.8,65.0
REGIME_C_FOG_BOTTLENECK,104,30,12.0,STOP_ALL,0.0,0.0,1647.0,0.0,0,0,0.0,0.0,0,425.0,100.0,115.0
REGIME_C_FOG_BOTTLENECK,104,30,12.0,NO_INTELLIGENCE,3294.0,549.0,1647.0,100.0,7248,7248,14.0,6.28,447,126.6,50.3,115.0
REGIME_C_FOG_BOTTLENECK,104,30,12.0,SAFETY_ONLY,0.0,0.0,1647.0,0.0,0,0,18.0,5.82,355,117.4,48.7,115.0
REGIME_C_FOG_BOTTLENECK,104,30,12.0,SAFETY_CAPACITY,0.0,0.0,1647.0,0.0,0,0,18.0,5.82,355,117.4,48.7,115.0
REGIME_C_FOG_BOTTLENECK,104,30,12.0,SAFETY_CAPACITY_QUEUE,0.0,0.0,1647.0,0.0,0,0,8.0,2.63,349,53.6,38.1,115.0
REGIME_C_FOG_BOTTLENECK,104,30,12.0,FOG_ORCHESTRATOR,0.0,0.0,1647.0,0.0,0,0,9.0,3.62,354,231.5,67.7,65.0
REGIME_C_FOG_BOTTLENECK,104,30,12.0,CHANCE_MPC,0.0,0.0,1647.0,0.0,0,0,18.0,4.34,278,87.8,43.8,65.0
REGIME_C_FOG_BOTTLENECK,115,30,12.0,STOP_ALL,0.0,0.0,1647.0,0.0,0,0,0.0,0.0,0,425.0,100.0,115.0
REGIME_C_FOG_BOTTLENECK,115,30,12.0,NO_INTELLIGENCE,3294.0,549.0,1647.0,100.0,7248,7248,14.0,6.28,447,126.6,50.3,115.0
REGIME_C_FOG_BOTTLENECK,115,30,12.0,SAFETY_ONLY,0.0,0.0,1647.0,0.0,0,0,18.0,5.82,355,117.4,48.7,115.0
REGIME_C_FOG_BOTTLENECK,115,30,12.0,SAFETY_CAPACITY,0.0,0.0,1647.0,0.0,0,0,18.0,5.82,355,117.4,48.7,115.0
REGIME_C_FOG_BOTTLENECK,115,30,12.0,SAFETY_CAPACITY_QUEUE,0.0,0.0,1647.0,0.0,0,0,8.0,2.63,349,53.6,38.1,115.0
REGIME_C_FOG_BOTTLENECK,115,30,12.0,FOG_ORCHESTRATOR,0.0,0.0,1647.0,0.0,0,0,9.0,3.62,354,231.5,67.7,65.0
REGIME_C_FOG_BOTTLENECK,115,30,12.0,CHANCE_MPC,0.0,0.0,1647.0,0.0,0,0,18.0,4.34,278,87.8,43.8,65.0
REGIME_C_FOG_BOTTLENECK,117,30,12.0,STOP_ALL,0.0,0.0,1647.0,0.0,0,0,0.0,0.0,0,425.0,100.0,115.0
REGIME_C_FOG_BOTTLENECK,117,30,12.0,NO_INTELLIGENCE,3294.0,549.0,1647.0,100.0,7248,7248,14.0,6.28,447,126.6,50.3,115.0
REGIME_C_FOG_BOTTLENECK,117,30,12.0,SAFETY_ONLY,0.0,0.0,1647.0,0.0,0,0,18.0,5.82,355,117.4,48.7,115.0
REGIME_C_FOG_BOTTLENECK,117,30,12.0,SAFETY_CAPACITY,0.0,0.0,1647.0,0.0,0,0,18.0,5.82,355,117.4,48.7,115.0
REGIME_C_FOG_BOTTLENECK,117,30,12.0,SAFETY_CAPACITY_QUEUE,0.0,0.0,1647.0,0.0,0,0,8.0,2.63,349,53.6,38.1,115.0
REGIME_C_FOG_BOTTLENECK,117,30,12.0,FOG_ORCHESTRATOR,0.0,0.0,1647.0,0.0,0,0,9.0,3.62,354,231.5,67.7,65.0
REGIME_C_FOG_BOTTLENECK,117,30,12.0,CHANCE_MPC,0.0,0.0,1647.0,0.0,0,0,18.0,4.34,278,87.8,43.8,65.0
REGIME_C_FOG_BOTTLENECK,121,30,12.0,STOP_ALL,0.0,0.0,1647.0,0.0,0,0,0.0,0.0,0,425.0,100.0,115.0
REGIME_C_FOG_BOTTLENECK,121,30,12.0,NO_INTELLIGENCE,3294.0,549.0,1647.0,100.0,7248,7248,14.0,6.28,447,126.6,50.3,115.0
REGIME_C_FOG_BOTTLENECK,121,30,12.0,SAFETY_ONLY,0.0,0.0,1647.0,0.0,0,0,18.0,5.82,355,117.4,48.7,115.0
REGIME_C_FOG_BOTTLENECK,121,30,12.0,SAFETY_CAPACITY,0.0,0.0,1647.0,0.0,0,0,18.0,5.82,355,117.4,48.7,115.0
REGIME_C_FOG_BOTTLENECK,121,30,12.0,SAFETY_CAPACITY_QUEUE,0.0,0.0,1647.0,0.0,0,0,8.0,2.63,349,53.6,38.1,115.0
REGIME_C_FOG_BOTTLENECK,121,30,12.0,FOG_ORCHESTRATOR,0.0,0.0,1647.0,0.0,0,0,9.0,3.62,354,231.5,67.7,65.0
REGIME_C_FOG_BOTTLENECK,121,30,12.0,CHANCE_MPC,0.0,0.0,1647.0,0.0,0,0,18.0,4.34,278,87.8,43.8,65.0
REGIME_C_FOG_BOTTLENECK,127,30,12.0,STOP_ALL,0.0,0.0,1647.0,0.0,0,0,0.0,0.0,0,425.0,100.0,115.0
REGIME_C_FOG_BOTTLENECK,127,30,12.0,NO_INTELLIGENCE,3294.0,549.0,1647.0,100.0,7248,7248,14.0,6.28,447,126.6,50.3,115.0
REGIME_C_FOG_BOTTLENECK,127,30,12.0,SAFETY_ONLY,0.0,0.0,1647.0,0.0,0,0,18.0,5.82,355,117.4,48.7,115.0
REGIME_C_FOG_BOTTLENECK,127,30,12.0,SAFETY_CAPACITY,0.0,0.0,1647.0,0.0,0,0,18.0,5.82,355,117.4,48.7,115.0
REGIME_C_FOG_BOTTLENECK,127,30,12.0,SAFETY_CAPACITY_QUEUE,0.0,0.0,1647.0,0.0,0,0,8.0,2.63,349,53.6,38.1,115.0
REGIME_C_FOG_BOTTLENECK,127,30,12.0,FOG_ORCHESTRATOR,0.0,0.0,1647.0,0.0,0,0,9.0,3.62,354,231.5,67.7,65.0
REGIME_C_FOG_BOTTLENECK,127,30,12.0,CHANCE_MPC,0.0,0.0,1647.0,0.0,0,0,18.0,4.34,278,87.8,43.8,65.0
REGIME_C_FOG_BOTTLENECK,131,30,12.0,STOP_ALL,0.0,0.0,1647.0,0.0,0,0,0.0,0.0,0,425.0,100.0,115.0
REGIME_C_FOG_BOTTLENECK,131,30,12.0,NO_INTELLIGENCE,3294.0,549.0,1647.0,100.0,7248,7248,14.0,6.28,447,126.6,50.3,115.0
REGIME_C_FOG_BOTTLENECK,131,30,12.0,SAFETY_ONLY,0.0,0.0,1647.0,0.0,0,0,18.0,5.82,355,117.4,48.7,115.0
REGIME_C_FOG_BOTTLENECK,131,30,12.0,SAFETY_CAPACITY,0.0,0.0,1647.0,0.0,0,0,18.0,5.82,355,117.4,48.7,115.0
REGIME_C_FOG_BOTTLENECK,131,30,12.0,SAFETY_CAPACITY_QUEUE,0.0,0.0,1647.0,0.0,0,0,8.0,2.63,349,53.6,38.1,115.0
REGIME_C_FOG_BOTTLENECK,131,30,12.0,FOG_ORCHESTRATOR,0.0,0.0,1647.0,0.0,0,0,9.0,3.62,354,231.5,67.7,65.0
REGIME_C_FOG_BOTTLENECK,131,30,12.0,CHANCE_MPC,0.0,0.0,1647.0,0.0,0,0,18.0,4.34,278,87.8,43.8,65.0
REGIME_C_FOG_BOTTLENECK,137,30,12.0,STOP_ALL,0.0,0.0,1647.0,0.0,0,0,0.0,0.0,0,425.0,100.0,115.0
REGIME_C_FOG_BOTTLENECK,137,30,12.0,NO_INTELLIGENCE,3294.0,549.0,1647.0,100.0,7248,7248,14.0,6.28,447,126.6,50.3,115.0
REGIME_C_FOG_BOTTLENECK,137,30,12.0,SAFETY_ONLY,0.0,0.0,1647.0,0.0,0,0,18.0,5.82,355,117.4,48.7,115.0
REGIME_C_FOG_BOTTLENECK,137,30,12.0,SAFETY_CAPACITY,0.0,0.0,1647.0,0.0,0,0,18.0,5.82,355,117.4,48.7,115.0
REGIME_C_FOG_BOTTLENECK,137,30,12.0,SAFETY_CAPACITY_QUEUE,0.0,0.0,1647.0,0.0,0,0,8.0,2.63,349,53.6,38.1,115.0
REGIME_C_FOG_BOTTLENECK,137,30,12.0,FOG_ORCHESTRATOR,0.0,0.0,1647.0,0.0,0,0,9.0,3.62,354,231.5,67.7,65.0
REGIME_C_FOG_BOTTLENECK,137,30,12.0,CHANCE_MPC,0.0,0.0,1647.0,0.0,0,0,18.0,4.34,278,87.8,43.8,65.0
REGIME_C_FOG_BOTTLENECK,143,30,12.0,STOP_ALL,0.0,0.0,1647.0,0.0,0,0,0.0,0.0,0,425.0,100.0,115.0
REGIME_C_FOG_BOTTLENECK,143,30,12.0,NO_INTELLIGENCE,3294.0,549.0,1647.0,100.0,7248,7248,14.0,6.28,447,126.6,50.3,115.0
REGIME_C_FOG_BOTTLENECK,143,30,12.0,SAFETY_ONLY,0.0,0.0,1647.0,0.0,0,0,18.0,5.82,355,117.4,48.7,115.0
REGIME_C_FOG_BOTTLENECK,143,30,12.0,SAFETY_CAPACITY,0.0,0.0,1647.0,0.0,0,0,18.0,5.82,355,117.4,48.7,115.0
REGIME_C_FOG_BOTTLENECK,143,30,12.0,SAFETY_CAPACITY_QUEUE,0.0,0.0,1647.0,0.0,0,0,8.0,2.63,349,53.6,38.1,115.0
REGIME_C_FOG_BOTTLENECK,143,30,12.0,FOG_ORCHESTRATOR,0.0,0.0,1647.0,0.0,0,0,9.0,3.62,354,231.5,67.7,65.0
REGIME_C_FOG_BOTTLENECK,143,30,12.0,CHANCE_MPC,0.0,0.0,1647.0,0.0,0,0,18.0,4.34,278,87.8,43.8,65.0
REGIME_C_FOG_BOTTLENECK,149,30,12.0,STOP_ALL,0.0,0.0,1647.0,0.0,0,0,0.0,0.0,0,425.0,100.0,115.0
REGIME_C_FOG_BOTTLENECK,149,30,12.0,NO_INTELLIGENCE,3294.0,549.0,1647.0,100.0,7248,7248,14.0,6.28,447,126.6,50.3,115.0
REGIME_C_FOG_BOTTLENECK,149,30,12.0,SAFETY_ONLY,0.0,0.0,1647.0,0.0,0,0,18.0,5.82,355,117.4,48.7,115.0
REGIME_C_FOG_BOTTLENECK,149,30,12.0,SAFETY_CAPACITY,0.0,0.0,1647.0,0.0,0,0,18.0,5.82,355,117.4,48.7,115.0
REGIME_C_FOG_BOTTLENECK,149,30,12.0,SAFETY_CAPACITY_QUEUE,0.0,0.0,1647.0,0.0,0,0,8.0,2.63,349,53.6,38.1,115.0
REGIME_C_FOG_BOTTLENECK,149,30,12.0,FOG_ORCHESTRATOR,0.0,0.0,1647.0,0.0,0,0,9.0,3.62,354,231.5,67.7,65.0
REGIME_C_FOG_BOTTLENECK,149,30,12.0,CHANCE_MPC,0.0,0.0,1647.0,0.0,0,0,18.0,4.34,278,87.8,43.8,65.0
REGIME_C_FOG_BOTTLENECK,151,30,12.0,STOP_ALL,0.0,0.0,1647.0,0.0,0,0,0.0,0.0,0,425.0,100.0,115.0
REGIME_C_FOG_BOTTLENECK,151,30,12.0,NO_INTELLIGENCE,3294.0,549.0,1647.0,100.0,7248,7248,14.0,6.28,447,126.6,50.3,115.0
REGIME_C_FOG_BOTTLENECK,151,30,12.0,SAFETY_ONLY,0.0,0.0,1647.0,0.0,0,0,18.0,5.82,355,117.4,48.7,115.0
REGIME_C_FOG_BOTTLENECK,151,30,12.0,SAFETY_CAPACITY,0.0,0.0,1647.0,0.0,0,0,18.0,5.82,355,117.4,48.7,115.0
REGIME_C_FOG_BOTTLENECK,151,30,12.0,SAFETY_CAPACITY_QUEUE,0.0,0.0,1647.0,0.0,0,0,8.0,2.63,349,53.6,38.1,115.0
REGIME_C_FOG_BOTTLENECK,151,30,12.0,FOG_ORCHESTRATOR,0.0,0.0,1647.0,0.0,0,0,9.0,3.62,354,231.5,67.7,65.0
REGIME_C_FOG_BOTTLENECK,151,30,12.0,CHANCE_MPC,0.0,0.0,1647.0,0.0,0,0,18.0,4.34,278,87.8,43.8,65.0
REGIME_C_FOG_BOTTLENECK,157,30,12.0,STOP_ALL,0.0,0.0,1647.0,0.0,0,0,0.0,0.0,0,425.0,100.0,115.0
REGIME_C_FOG_BOTTLENECK,157,30,12.0,NO_INTELLIGENCE,3294.0,549.0,1647.0,100.0,7248,7248,14.0,6.28,447,126.6,50.3,115.0
REGIME_C_FOG_BOTTLENECK,157,30,12.0,SAFETY_ONLY,0.0,0.0,1647.0,0.0,0,0,18.0,5.82,355,117.4,48.7,115.0
REGIME_C_FOG_BOTTLENECK,157,30,12.0,SAFETY_CAPACITY,0.0,0.0,1647.0,0.0,0,0,18.0,5.82,355,117.4,48.7,115.0
REGIME_C_FOG_BOTTLENECK,157,30,12.0,SAFETY_CAPACITY_QUEUE,0.0,0.0,1647.0,0.0,0,0,8.0,2.63,349,53.6,38.1,115.0
REGIME_C_FOG_BOTTLENECK,157,30,12.0,FOG_ORCHESTRATOR,0.0,0.0,1647.0,0.0,0,0,9.0,3.62,354,231.5,67.7,65.0
REGIME_C_FOG_BOTTLENECK,157,30,12.0,CHANCE_MPC,0.0,0.0,1647.0,0.0,0,0,18.0,4.34,278,87.8,43.8,65.0
REGIME_C_FOG_BOTTLENECK,163,30,12.0,STOP_ALL,0.0,0.0,1647.0,0.0,0,0,0.0,0.0,0,425.0,100.0,115.0
REGIME_C_FOG_BOTTLENECK,163,30,12.0,NO_INTELLIGENCE,3294.0,549.0,1647.0,100.0,7248,7248,14.0,6.28,447,126.6,50.3,115.0
REGIME_C_FOG_BOTTLENECK,163,30,12.0,SAFETY_ONLY,0.0,0.0,1647.0,0.0,0,0,18.0,5.82,355,117.4,48.7,115.0
REGIME_C_FOG_BOTTLENECK,163,30,12.0,SAFETY_CAPACITY,0.0,0.0,1647.0,0.0,0,0,18.0,5.82,355,117.4,48.7,115.0
REGIME_C_FOG_BOTTLENECK,163,30,12.0,SAFETY_CAPACITY_QUEUE,0.0,0.0,1647.0,0.0,0,0,8.0,2.63,349,53.6,38.1,115.0
REGIME_C_FOG_BOTTLENECK,163,30,12.0,FOG_ORCHESTRATOR,0.0,0.0,1647.0,0.0,0,0,9.0,3.62,354,231.5,67.7,65.0
REGIME_C_FOG_BOTTLENECK,163,30,12.0,CHANCE_MPC,0.0,0.0,1647.0,0.0,0,0,18.0,4.34,278,87.8,43.8,65.0
REGIME_C_FOG_BOTTLENECK,167,30,12.0,STOP_ALL,0.0,0.0,1647.0,0.0,0,0,0.0,0.0,0,425.0,100.0,115.0
REGIME_C_FOG_BOTTLENECK,167,30,12.0,NO_INTELLIGENCE,3294.0,549.0,1647.0,100.0,7248,7248,14.0,6.28,447,126.6,50.3,115.0
REGIME_C_FOG_BOTTLENECK,167,30,12.0,SAFETY_ONLY,0.0,0.0,1647.0,0.0,0,0,18.0,5.82,355,117.4,48.7,115.0
REGIME_C_FOG_BOTTLENECK,167,30,12.0,SAFETY_CAPACITY,0.0,0.0,1647.0,0.0,0,0,18.0,5.82,355,117.4,48.7,115.0
REGIME_C_FOG_BOTTLENECK,167,30,12.0,SAFETY_CAPACITY_QUEUE,0.0,0.0,1647.0,0.0,0,0,8.0,2.63,349,53.6,38.1,115.0
REGIME_C_FOG_BOTTLENECK,167,30,12.0,FOG_ORCHESTRATOR,0.0,0.0,1647.0,0.0,0,0,9.0,3.62,354,231.5,67.7,65.0
REGIME_C_FOG_BOTTLENECK,167,30,12.0,CHANCE_MPC,0.0,0.0,1647.0,0.0,0,0,18.0,4.34,278,87.8,43.8,65.0
REGIME_C_FOG_BOTTLENECK,173,30,12.0,STOP_ALL,0.0,0.0,1647.0,0.0,0,0,0.0,0.0,0,425.0,100.0,115.0
REGIME_C_FOG_BOTTLENECK,173,30,12.0,NO_INTELLIGENCE,3294.0,549.0,1647.0,100.0,7248,7248,14.0,6.28,447,126.6,50.3,115.0
REGIME_C_FOG_BOTTLENECK,173,30,12.0,SAFETY_ONLY,0.0,0.0,1647.0,0.0,0,0,18.0,5.82,355,117.4,48.7,115.0
REGIME_C_FOG_BOTTLENECK,173,30,12.0,SAFETY_CAPACITY,0.0,0.0,1647.0,0.0,0,0,18.0,5.82,355,117.4,48.7,115.0
REGIME_C_FOG_BOTTLENECK,173,30,12.0,SAFETY_CAPACITY_QUEUE,0.0,0.0,1647.0,0.0,0,0,8.0,2.63,349,53.6,38.1,115.0
REGIME_C_FOG_BOTTLENECK,173,30,12.0,FOG_ORCHESTRATOR,0.0,0.0,1647.0,0.0,0,0,9.0,3.62,354,231.5,67.7,65.0
REGIME_C_FOG_BOTTLENECK,173,30,12.0,CHANCE_MPC,0.0,0.0,1647.0,0.0,0,0,18.0,4.34,278,87.8,43.8,65.0
REGIME_C_FOG_BOTTLENECK,179,30,12.0,STOP_ALL,0.0,0.0,1647.0,0.0,0,0,0.0,0.0,0,425.0,100.0,115.0
REGIME_C_FOG_BOTTLENECK,179,30,12.0,NO_INTELLIGENCE,3294.0,549.0,1647.0,100.0,7248,7248,14.0,6.28,447,126.6,50.3,115.0
REGIME_C_FOG_BOTTLENECK,179,30,12.0,SAFETY_ONLY,0.0,0.0,1647.0,0.0,0,0,18.0,5.82,355,117.4,48.7,115.0
REGIME_C_FOG_BOTTLENECK,179,30,12.0,SAFETY_CAPACITY,0.0,0.0,1647.0,0.0,0,0,18.0,5.82,355,117.4,48.7,115.0
REGIME_C_FOG_BOTTLENECK,179,30,12.0,SAFETY_CAPACITY_QUEUE,0.0,0.0,1647.0,0.0,0,0,8.0,2.63,349,53.6,38.1,115.0
REGIME_C_FOG_BOTTLENECK,179,30,12.0,FOG_ORCHESTRATOR,0.0,0.0,1647.0,0.0,0,0,9.0,3.62,354,231.5,67.7,65.0
REGIME_C_FOG_BOTTLENECK,179,30,12.0,CHANCE_MPC,0.0,0.0,1647.0,0.0,0,0,18.0,4.34,278,87.8,43.8,65.0
REGIME_C_FOG_BOTTLENECK,181,30,12.0,STOP_ALL,0.0,0.0,1647.0,0.0,0,0,0.0,0.0,0,425.0,100.0,115.0
REGIME_C_FOG_BOTTLENECK,181,30,12.0,NO_INTELLIGENCE,3294.0,549.0,1647.0,100.0,7248,7248,14.0,6.28,447,126.6,50.3,115.0
REGIME_C_FOG_BOTTLENECK,181,30,12.0,SAFETY_ONLY,0.0,0.0,1647.0,0.0,0,0,18.0,5.82,355,117.4,48.7,115.0
REGIME_C_FOG_BOTTLENECK,181,30,12.0,SAFETY_CAPACITY,0.0,0.0,1647.0,0.0,0,0,18.0,5.82,355,117.4,48.7,115.0
REGIME_C_FOG_BOTTLENECK,181,30,12.0,SAFETY_CAPACITY_QUEUE,0.0,0.0,1647.0,0.0,0,0,8.0,2.63,349,53.6,38.1,115.0
REGIME_C_FOG_BOTTLENECK,181,30,12.0,FOG_ORCHESTRATOR,0.0,0.0,1647.0,0.0,0,0,9.0,3.62,354,231.5,67.7,65.0
REGIME_C_FOG_BOTTLENECK,181,30,12.0,CHANCE_MPC,0.0,0.0,1647.0,0.0,0,0,18.0,4.34,278,87.8,43.8,65.0
REGIME_C_FOG_BOTTLENECK,191,30,12.0,STOP_ALL,0.0,0.0,1647.0,0.0,0,0,0.0,0.0,0,425.0,100.0,115.0
REGIME_C_FOG_BOTTLENECK,191,30,12.0,NO_INTELLIGENCE,3294.0,549.0,1647.0,100.0,7248,7248,14.0,6.28,447,126.6,50.3,115.0
REGIME_C_FOG_BOTTLENECK,191,30,12.0,SAFETY_ONLY,0.0,0.0,1647.0,0.0,0,0,18.0,5.82,355,117.4,48.7,115.0
REGIME_C_FOG_BOTTLENECK,191,30,12.0,SAFETY_CAPACITY,0.0,0.0,1647.0,0.0,0,0,18.0,5.82,355,117.4,48.7,115.0
REGIME_C_FOG_BOTTLENECK,191,30,12.0,SAFETY_CAPACITY_QUEUE,0.0,0.0,1647.0,0.0,0,0,8.0,2.63,349,53.6,38.1,115.0
REGIME_C_FOG_BOTTLENECK,191,30,12.0,FOG_ORCHESTRATOR,0.0,0.0,1647.0,0.0,0,0,9.0,3.62,354,231.5,67.7,65.0
REGIME_C_FOG_BOTTLENECK,191,30,12.0,CHANCE_MPC,0.0,0.0,1647.0,0.0,0,0,18.0,4.34,278,87.8,43.8,65.0
REGIME_C_FOG_BOTTLENECK,193,30,12.0,STOP_ALL,0.0,0.0,1647.0,0.0,0,0,0.0,0.0,0,425.0,100.0,115.0
REGIME_C_FOG_BOTTLENECK,193,30,12.0,NO_INTELLIGENCE,3294.0,549.0,1647.0,100.0,7248,7248,14.0,6.28,447,126.6,50.3,115.0
REGIME_C_FOG_BOTTLENECK,193,30,12.0,SAFETY_ONLY,0.0,0.0,1647.0,0.0,0,0,18.0,5.82,355,117.4,48.7,115.0
REGIME_C_FOG_BOTTLENECK,193,30,12.0,SAFETY_CAPACITY,0.0,0.0,1647.0,0.0,0,0,18.0,5.82,355,117.4,48.7,115.0
REGIME_C_FOG_BOTTLENECK,193,30,12.0,SAFETY_CAPACITY_QUEUE,0.0,0.0,1647.0,0.0,0,0,8.0,2.63,349,53.6,38.1,115.0
REGIME_C_FOG_BOTTLENECK,193,30,12.0,FOG_ORCHESTRATOR,0.0,0.0,1647.0,0.0,0,0,9.0,3.62,354,231.5,67.7,65.0
REGIME_C_FOG_BOTTLENECK,193,30,12.0,CHANCE_MPC,0.0,0.0,1647.0,0.0,0,0,18.0,4.34,278,87.8,43.8,65.0
REGIME_C_FOG_BOTTLENECK,197,30,12.0,STOP_ALL,0.0,0.0,1647.0,0.0,0,0,0.0,0.0,0,425.0,100.0,115.0
REGIME_C_FOG_BOTTLENECK,197,30,12.0,NO_INTELLIGENCE,3294.0,549.0,1647.0,100.0,7248,7248,14.0,6.28,447,126.6,50.3,115.0
REGIME_C_FOG_BOTTLENECK,197,30,12.0,SAFETY_ONLY,0.0,0.0,1647.0,0.0,0,0,18.0,5.82,355,117.4,48.7,115.0
REGIME_C_FOG_BOTTLENECK,197,30,12.0,SAFETY_CAPACITY,0.0,0.0,1647.0,0.0,0,0,18.0,5.82,355,117.4,48.7,115.0
REGIME_C_FOG_BOTTLENECK,197,30,12.0,SAFETY_CAPACITY_QUEUE,0.0,0.0,1647.0,0.0,0,0,8.0,2.63,349,53.6,38.1,115.0
REGIME_C_FOG_BOTTLENECK,197,30,12.0,FOG_ORCHESTRATOR,0.0,0.0,1647.0,0.0,0,0,9.0,3.62,354,231.5,67.7,65.0
REGIME_C_FOG_BOTTLENECK,197,30,12.0,CHANCE_MPC,0.0,0.0,1647.0,0.0,0,0,18.0,4.34,278,87.8,43.8,65.0
REGIME_D_SEVERE_HALT,101,20,5.0,STOP_ALL,0.0,0.0,0.0,0.0,0,0,0.0,0.0,0,487.5,100.0,115.0
REGIME_D_SEVERE_HALT,101,20,5.0,NO_INTELLIGENCE,3294.0,549.0,0.0,0.0,7558,7558,8.0,3.62,440,109.6,37.0,115.0
REGIME_D_SEVERE_HALT,101,20,5.0,SAFETY_ONLY,0.0,0.0,0.0,0.0,0,0,0.0,0.0,0,487.5,100.0,115.0
REGIME_D_SEVERE_HALT,101,20,5.0,SAFETY_CAPACITY,0.0,0.0,0.0,0.0,0,0,0.0,0.0,0,487.5,100.0,115.0
REGIME_D_SEVERE_HALT,101,20,5.0,SAFETY_CAPACITY_QUEUE,0.0,0.0,0.0,0.0,0,0,0.0,0.0,0,487.5,100.0,115.0
REGIME_D_SEVERE_HALT,101,20,5.0,FOG_ORCHESTRATOR,0.0,0.0,0.0,0.0,0,0,0.0,0.0,0,487.5,100.0,65.0
REGIME_D_SEVERE_HALT,101,20,5.0,CHANCE_MPC,0.0,0.0,0.0,0.0,0,0,0.0,0.0,0,487.5,100.0,65.0
REGIME_D_SEVERE_HALT,104,20,5.0,STOP_ALL,0.0,0.0,0.0,0.0,0,0,0.0,0.0,0,487.5,100.0,115.0
REGIME_D_SEVERE_HALT,104,20,5.0,NO_INTELLIGENCE,3294.0,549.0,0.0,0.0,7558,7558,8.0,3.62,440,109.6,37.0,115.0
REGIME_D_SEVERE_HALT,104,20,5.0,SAFETY_ONLY,0.0,0.0,0.0,0.0,0,0,0.0,0.0,0,487.5,100.0,115.0
REGIME_D_SEVERE_HALT,104,20,5.0,SAFETY_CAPACITY,0.0,0.0,0.0,0.0,0,0,0.0,0.0,0,487.5,100.0,115.0
REGIME_D_SEVERE_HALT,104,20,5.0,SAFETY_CAPACITY_QUEUE,0.0,0.0,0.0,0.0,0,0,0.0,0.0,0,487.5,100.0,115.0
REGIME_D_SEVERE_HALT,104,20,5.0,FOG_ORCHESTRATOR,0.0,0.0,0.0,0.0,0,0,0.0,0.0,0,487.5,100.0,65.0
REGIME_D_SEVERE_HALT,104,20,5.0,CHANCE_MPC,0.0,0.0,0.0,0.0,0,0,0.0,0.0,0,487.5,100.0,65.0
REGIME_D_SEVERE_HALT,115,20,5.0,STOP_ALL,0.0,0.0,0.0,0.0,0,0,0.0,0.0,0,487.5,100.0,115.0
REGIME_D_SEVERE_HALT,115,20,5.0,NO_INTELLIGENCE,3294.0,549.0,0.0,0.0,7558,7558,8.0,3.62,440,109.6,37.0,115.0
REGIME_D_SEVERE_HALT,115,20,5.0,SAFETY_ONLY,0.0,0.0,0.0,0.0,0,0,0.0,0.0,0,487.5,100.0,115.0
REGIME_D_SEVERE_HALT,115,20,5.0,SAFETY_CAPACITY,0.0,0.0,0.0,0.0,0,0,0.0,0.0,0,487.5,100.0,115.0
REGIME_D_SEVERE_HALT,115,20,5.0,SAFETY_CAPACITY_QUEUE,0.0,0.0,0.0,0.0,0,0,0.0,0.0,0,487.5,100.0,115.0
REGIME_D_SEVERE_HALT,115,20,5.0,FOG_ORCHESTRATOR,0.0,0.0,0.0,0.0,0,0,0.0,0.0,0,487.5,100.0,65.0
REGIME_D_SEVERE_HALT,115,20,5.0,CHANCE_MPC,0.0,0.0,0.0,0.0,0,0,0.0,0.0,0,487.5,100.0,65.0
REGIME_D_SEVERE_HALT,117,20,5.0,STOP_ALL,0.0,0.0,0.0,0.0,0,0,0.0,0.0,0,487.5,100.0,115.0
REGIME_D_SEVERE_HALT,117,20,5.0,NO_INTELLIGENCE,3294.0,549.0,0.0,0.0,7558,7558,8.0,3.62,440,109.6,37.0,115.0
REGIME_D_SEVERE_HALT,117,20,5.0,SAFETY_ONLY,0.0,0.0,0.0,0.0,0,0,0.0,0.0,0,487.5,100.0,115.0
REGIME_D_SEVERE_HALT,117,20,5.0,SAFETY_CAPACITY,0.0,0.0,0.0,0.0,0,0,0.0,0.0,0,487.5,100.0,115.0
REGIME_D_SEVERE_HALT,117,20,5.0,SAFETY_CAPACITY_QUEUE,0.0,0.0,0.0,0.0,0,0,0.0,0.0,0,487.5,100.0,115.0
REGIME_D_SEVERE_HALT,117,20,5.0,FOG_ORCHESTRATOR,0.0,0.0,0.0,0.0,0,0,0.0,0.0,0,487.5,100.0,65.0
REGIME_D_SEVERE_HALT,117,20,5.0,CHANCE_MPC,0.0,0.0,0.0,0.0,0,0,0.0,0.0,0,487.5,100.0,65.0
REGIME_D_SEVERE_HALT,121,20,5.0,STOP_ALL,0.0,0.0,0.0,0.0,0,0,0.0,0.0,0,487.5,100.0,115.0
REGIME_D_SEVERE_HALT,121,20,5.0,NO_INTELLIGENCE,3294.0,549.0,0.0,0.0,7558,7558,8.0,3.62,440,109.6,37.0,115.0
REGIME_D_SEVERE_HALT,121,20,5.0,SAFETY_ONLY,0.0,0.0,0.0,0.0,0,0,0.0,0.0,0,487.5,100.0,115.0
REGIME_D_SEVERE_HALT,121,20,5.0,SAFETY_CAPACITY,0.0,0.0,0.0,0.0,0,0,0.0,0.0,0,487.5,100.0,115.0
REGIME_D_SEVERE_HALT,121,20,5.0,SAFETY_CAPACITY_QUEUE,0.0,0.0,0.0,0.0,0,0,0.0,0.0,0,487.5,100.0,115.0
REGIME_D_SEVERE_HALT,121,20,5.0,FOG_ORCHESTRATOR,0.0,0.0,0.0,0.0,0,0,0.0,0.0,0,487.5,100.0,65.0
REGIME_D_SEVERE_HALT,121,20,5.0,CHANCE_MPC,0.0,0.0,0.0,0.0,0,0,0.0,0.0,0,487.5,100.0,65.0
REGIME_D_SEVERE_HALT,127,20,5.0,STOP_ALL,0.0,0.0,0.0,0.0,0,0,0.0,0.0,0,487.5,100.0,115.0
REGIME_D_SEVERE_HALT,127,20,5.0,NO_INTELLIGENCE,3294.0,549.0,0.0,0.0,7558,7558,8.0,3.62,440,109.6,37.0,115.0
REGIME_D_SEVERE_HALT,127,20,5.0,SAFETY_ONLY,0.0,0.0,0.0,0.0,0,0,0.0,0.0,0,487.5,100.0,115.0
REGIME_D_SEVERE_HALT,127,20,5.0,SAFETY_CAPACITY,0.0,0.0,0.0,0.0,0,0,0.0,0.0,0,487.5,100.0,115.0
REGIME_D_SEVERE_HALT,127,20,5.0,SAFETY_CAPACITY_QUEUE,0.0,0.0,0.0,0.0,0,0,0.0,0.0,0,487.5,100.0,115.0
REGIME_D_SEVERE_HALT,127,20,5.0,FOG_ORCHESTRATOR,0.0,0.0,0.0,0.0,0,0,0.0,0.0,0,487.5,100.0,65.0
REGIME_D_SEVERE_HALT,127,20,5.0,CHANCE_MPC,0.0,0.0,0.0,0.0,0,0,0.0,0.0,0,487.5,100.0,65.0
REGIME_D_SEVERE_HALT,131,20,5.0,STOP_ALL,0.0,0.0,0.0,0.0,0,0,0.0,0.0,0,487.5,100.0,115.0
REGIME_D_SEVERE_HALT,131,20,5.0,NO_INTELLIGENCE,3294.0,549.0,0.0,0.0,7558,7558,8.0,3.62,440,109.6,37.0,115.0
REGIME_D_SEVERE_HALT,131,20,5.0,SAFETY_ONLY,0.0,0.0,0.0,0.0,0,0,0.0,0.0,0,487.5,100.0,115.0
REGIME_D_SEVERE_HALT,131,20,5.0,SAFETY_CAPACITY,0.0,0.0,0.0,0.0,0,0,0.0,0.0,0,487.5,100.0,115.0
REGIME_D_SEVERE_HALT,131,20,5.0,SAFETY_CAPACITY_QUEUE,0.0,0.0,0.0,0.0,0,0,0.0,0.0,0,487.5,100.0,115.0
REGIME_D_SEVERE_HALT,131,20,5.0,FOG_ORCHESTRATOR,0.0,0.0,0.0,0.0,0,0,0.0,0.0,0,487.5,100.0,65.0
REGIME_D_SEVERE_HALT,131,20,5.0,CHANCE_MPC,0.0,0.0,0.0,0.0,0,0,0.0,0.0,0,487.5,100.0,65.0
REGIME_D_SEVERE_HALT,137,20,5.0,STOP_ALL,0.0,0.0,0.0,0.0,0,0,0.0,0.0,0,487.5,100.0,115.0
REGIME_D_SEVERE_HALT,137,20,5.0,NO_INTELLIGENCE,3294.0,549.0,0.0,0.0,7558,7558,8.0,3.62,440,109.6,37.0,115.0
REGIME_D_SEVERE_HALT,137,20,5.0,SAFETY_ONLY,0.0,0.0,0.0,0.0,0,0,0.0,0.0,0,487.5,100.0,115.0
REGIME_D_SEVERE_HALT,137,20,5.0,SAFETY_CAPACITY,0.0,0.0,0.0,0.0,0,0,0.0,0.0,0,487.5,100.0,115.0
REGIME_D_SEVERE_HALT,137,20,5.0,SAFETY_CAPACITY_QUEUE,0.0,0.0,0.0,0.0,0,0,0.0,0.0,0,487.5,100.0,115.0
REGIME_D_SEVERE_HALT,137,20,5.0,FOG_ORCHESTRATOR,0.0,0.0,0.0,0.0,0,0,0.0,0.0,0,487.5,100.0,65.0
REGIME_D_SEVERE_HALT,137,20,5.0,CHANCE_MPC,0.0,0.0,0.0,0.0,0,0,0.0,0.0,0,487.5,100.0,65.0
REGIME_D_SEVERE_HALT,143,20,5.0,STOP_ALL,0.0,0.0,0.0,0.0,0,0,0.0,0.0,0,487.5,100.0,115.0
REGIME_D_SEVERE_HALT,143,20,5.0,NO_INTELLIGENCE,3294.0,549.0,0.0,0.0,7558,7558,8.0,3.62,440,109.6,37.0,115.0
REGIME_D_SEVERE_HALT,143,20,5.0,SAFETY_ONLY,0.0,0.0,0.0,0.0,0,0,0.0,0.0,0,487.5,100.0,115.0
REGIME_D_SEVERE_HALT,143,20,5.0,SAFETY_CAPACITY,0.0,0.0,0.0,0.0,0,0,0.0,0.0,0,487.5,100.0,115.0
REGIME_D_SEVERE_HALT,143,20,5.0,SAFETY_CAPACITY_QUEUE,0.0,0.0,0.0,0.0,0,0,0.0,0.0,0,487.5,100.0,115.0
REGIME_D_SEVERE_HALT,143,20,5.0,FOG_ORCHESTRATOR,0.0,0.0,0.0,0.0,0,0,0.0,0.0,0,487.5,100.0,65.0
REGIME_D_SEVERE_HALT,143,20,5.0,CHANCE_MPC,0.0,0.0,0.0,0.0,0,0,0.0,0.0,0,487.5,100.0,65.0
REGIME_D_SEVERE_HALT,149,20,5.0,STOP_ALL,0.0,0.0,0.0,0.0,0,0,0.0,0.0,0,487.5,100.0,115.0
REGIME_D_SEVERE_HALT,149,20,5.0,NO_INTELLIGENCE,3294.0,549.0,0.0,0.0,7558,7558,8.0,3.62,440,109.6,37.0,115.0
REGIME_D_SEVERE_HALT,149,20,5.0,SAFETY_ONLY,0.0,0.0,0.0,0.0,0,0,0.0,0.0,0,487.5,100.0,115.0
REGIME_D_SEVERE_HALT,149,20,5.0,SAFETY_CAPACITY,0.0,0.0,0.0,0.0,0,0,0.0,0.0,0,487.5,100.0,115.0
REGIME_D_SEVERE_HALT,149,20,5.0,SAFETY_CAPACITY_QUEUE,0.0,0.0,0.0,0.0,0,0,0.0,0.0,0,487.5,100.0,115.0
REGIME_D_SEVERE_HALT,149,20,5.0,FOG_ORCHESTRATOR,0.0,0.0,0.0,0.0,0,0,0.0,0.0,0,487.5,100.0,65.0
REGIME_D_SEVERE_HALT,149,20,5.0,CHANCE_MPC,0.0,0.0,0.0,0.0,0,0,0.0,0.0,0,487.5,100.0,65.0
REGIME_D_SEVERE_HALT,151,20,5.0,STOP_ALL,0.0,0.0,0.0,0.0,0,0,0.0,0.0,0,487.5,100.0,115.0
REGIME_D_SEVERE_HALT,151,20,5.0,NO_INTELLIGENCE,3294.0,549.0,0.0,0.0,7558,7558,8.0,3.62,440,109.6,37.0,115.0
REGIME_D_SEVERE_HALT,151,20,5.0,SAFETY_ONLY,0.0,0.0,0.0,0.0,0,0,0.0,0.0,0,487.5,100.0,115.0
REGIME_D_SEVERE_HALT,151,20,5.0,SAFETY_CAPACITY,0.0,0.0,0.0,0.0,0,0,0.0,0.0,0,487.5,100.0,115.0
REGIME_D_SEVERE_HALT,151,20,5.0,SAFETY_CAPACITY_QUEUE,0.0,0.0,0.0,0.0,0,0,0.0,0.0,0,487.5,100.0,115.0
REGIME_D_SEVERE_HALT,151,20,5.0,FOG_ORCHESTRATOR,0.0,0.0,0.0,0.0,0,0,0.0,0.0,0,487.5,100.0,65.0
REGIME_D_SEVERE_HALT,151,20,5.0,CHANCE_MPC,0.0,0.0,0.0,0.0,0,0,0.0,0.0,0,487.5,100.0,65.0
REGIME_D_SEVERE_HALT,157,20,5.0,STOP_ALL,0.0,0.0,0.0,0.0,0,0,0.0,0.0,0,487.5,100.0,115.0
REGIME_D_SEVERE_HALT,157,20,5.0,NO_INTELLIGENCE,3294.0,549.0,0.0,0.0,7558,7558,8.0,3.62,440,109.6,37.0,115.0
REGIME_D_SEVERE_HALT,157,20,5.0,SAFETY_ONLY,0.0,0.0,0.0,0.0,0,0,0.0,0.0,0,487.5,100.0,115.0
REGIME_D_SEVERE_HALT,157,20,5.0,SAFETY_CAPACITY,0.0,0.0,0.0,0.0,0,0,0.0,0.0,0,487.5,100.0,115.0
REGIME_D_SEVERE_HALT,157,20,5.0,SAFETY_CAPACITY_QUEUE,0.0,0.0,0.0,0.0,0,0,0.0,0.0,0,487.5,100.0,115.0
REGIME_D_SEVERE_HALT,157,20,5.0,FOG_ORCHESTRATOR,0.0,0.0,0.0,0.0,0,0,0.0,0.0,0,487.5,100.0,65.0
REGIME_D_SEVERE_HALT,157,20,5.0,CHANCE_MPC,0.0,0.0,0.0,0.0,0,0,0.0,0.0,0,487.5,100.0,65.0
REGIME_D_SEVERE_HALT,163,20,5.0,STOP_ALL,0.0,0.0,0.0,0.0,0,0,0.0,0.0,0,487.5,100.0,115.0
REGIME_D_SEVERE_HALT,163,20,5.0,NO_INTELLIGENCE,3294.0,549.0,0.0,0.0,7558,7558,8.0,3.62,440,109.6,37.0,115.0
REGIME_D_SEVERE_HALT,163,20,5.0,SAFETY_ONLY,0.0,0.0,0.0,0.0,0,0,0.0,0.0,0,487.5,100.0,115.0
REGIME_D_SEVERE_HALT,163,20,5.0,SAFETY_CAPACITY,0.0,0.0,0.0,0.0,0,0,0.0,0.0,0,487.5,100.0,115.0
REGIME_D_SEVERE_HALT,163,20,5.0,SAFETY_CAPACITY_QUEUE,0.0,0.0,0.0,0.0,0,0,0.0,0.0,0,487.5,100.0,115.0
REGIME_D_SEVERE_HALT,163,20,5.0,FOG_ORCHESTRATOR,0.0,0.0,0.0,0.0,0,0,0.0,0.0,0,487.5,100.0,65.0
REGIME_D_SEVERE_HALT,163,20,5.0,CHANCE_MPC,0.0,0.0,0.0,0.0,0,0,0.0,0.0,0,487.5,100.0,65.0
REGIME_D_SEVERE_HALT,167,20,5.0,STOP_ALL,0.0,0.0,0.0,0.0,0,0,0.0,0.0,0,487.5,100.0,115.0
REGIME_D_SEVERE_HALT,167,20,5.0,NO_INTELLIGENCE,3294.0,549.0,0.0,0.0,7558,7558,8.0,3.62,440,109.6,37.0,115.0
REGIME_D_SEVERE_HALT,167,20,5.0,SAFETY_ONLY,0.0,0.0,0.0,0.0,0,0,0.0,0.0,0,487.5,100.0,115.0
REGIME_D_SEVERE_HALT,167,20,5.0,SAFETY_CAPACITY,0.0,0.0,0.0,0.0,0,0,0.0,0.0,0,487.5,100.0,115.0
REGIME_D_SEVERE_HALT,167,20,5.0,SAFETY_CAPACITY_QUEUE,0.0,0.0,0.0,0.0,0,0,0.0,0.0,0,487.5,100.0,115.0
REGIME_D_SEVERE_HALT,167,20,5.0,FOG_ORCHESTRATOR,0.0,0.0,0.0,0.0,0,0,0.0,0.0,0,487.5,100.0,65.0
REGIME_D_SEVERE_HALT,167,20,5.0,CHANCE_MPC,0.0,0.0,0.0,0.0,0,0,0.0,0.0,0,487.5,100.0,65.0
REGIME_D_SEVERE_HALT,173,20,5.0,STOP_ALL,0.0,0.0,0.0,0.0,0,0,0.0,0.0,0,487.5,100.0,115.0
REGIME_D_SEVERE_HALT,173,20,5.0,NO_INTELLIGENCE,3294.0,549.0,0.0,0.0,7558,7558,8.0,3.62,440,109.6,37.0,115.0
REGIME_D_SEVERE_HALT,173,20,5.0,SAFETY_ONLY,0.0,0.0,0.0,0.0,0,0,0.0,0.0,0,487.5,100.0,115.0
REGIME_D_SEVERE_HALT,173,20,5.0,SAFETY_CAPACITY,0.0,0.0,0.0,0.0,0,0,0.0,0.0,0,487.5,100.0,115.0
REGIME_D_SEVERE_HALT,173,20,5.0,SAFETY_CAPACITY_QUEUE,0.0,0.0,0.0,0.0,0,0,0.0,0.0,0,487.5,100.0,115.0
REGIME_D_SEVERE_HALT,173,20,5.0,FOG_ORCHESTRATOR,0.0,0.0,0.0,0.0,0,0,0.0,0.0,0,487.5,100.0,65.0
REGIME_D_SEVERE_HALT,173,20,5.0,CHANCE_MPC,0.0,0.0,0.0,0.0,0,0,0.0,0.0,0,487.5,100.0,65.0
REGIME_D_SEVERE_HALT,179,20,5.0,STOP_ALL,0.0,0.0,0.0,0.0,0,0,0.0,0.0,0,487.5,100.0,115.0
REGIME_D_SEVERE_HALT,179,20,5.0,NO_INTELLIGENCE,3294.0,549.0,0.0,0.0,7558,7558,8.0,3.62,440,109.6,37.0,115.0
REGIME_D_SEVERE_HALT,179,20,5.0,SAFETY_ONLY,0.0,0.0,0.0,0.0,0,0,0.0,0.0,0,487.5,100.0,115.0
REGIME_D_SEVERE_HALT,179,20,5.0,SAFETY_CAPACITY,0.0,0.0,0.0,0.0,0,0,0.0,0.0,0,487.5,100.0,115.0
REGIME_D_SEVERE_HALT,179,20,5.0,SAFETY_CAPACITY_QUEUE,0.0,0.0,0.0,0.0,0,0,0.0,0.0,0,487.5,100.0,115.0
REGIME_D_SEVERE_HALT,179,20,5.0,FOG_ORCHESTRATOR,0.0,0.0,0.0,0.0,0,0,0.0,0.0,0,487.5,100.0,65.0
REGIME_D_SEVERE_HALT,179,20,5.0,CHANCE_MPC,0.0,0.0,0.0,0.0,0,0,0.0,0.0,0,487.5,100.0,65.0
REGIME_D_SEVERE_HALT,181,20,5.0,STOP_ALL,0.0,0.0,0.0,0.0,0,0,0.0,0.0,0,487.5,100.0,115.0
REGIME_D_SEVERE_HALT,181,20,5.0,NO_INTELLIGENCE,3294.0,549.0,0.0,0.0,7558,7558,8.0,3.62,440,109.6,37.0,115.0
REGIME_D_SEVERE_HALT,181,20,5.0,SAFETY_ONLY,0.0,0.0,0.0,0.0,0,0,0.0,0.0,0,487.5,100.0,115.0
REGIME_D_SEVERE_HALT,181,20,5.0,SAFETY_CAPACITY,0.0,0.0,0.0,0.0,0,0,0.0,0.0,0,487.5,100.0,115.0
REGIME_D_SEVERE_HALT,181,20,5.0,SAFETY_CAPACITY_QUEUE,0.0,0.0,0.0,0.0,0,0,0.0,0.0,0,487.5,100.0,115.0
REGIME_D_SEVERE_HALT,181,20,5.0,FOG_ORCHESTRATOR,0.0,0.0,0.0,0.0,0,0,0.0,0.0,0,487.5,100.0,65.0
REGIME_D_SEVERE_HALT,181,20,5.0,CHANCE_MPC,0.0,0.0,0.0,0.0,0,0,0.0,0.0,0,487.5,100.0,65.0
REGIME_D_SEVERE_HALT,191,20,5.0,STOP_ALL,0.0,0.0,0.0,0.0,0,0,0.0,0.0,0,487.5,100.0,115.0
REGIME_D_SEVERE_HALT,191,20,5.0,NO_INTELLIGENCE,3294.0,549.0,0.0,0.0,7558,7558,8.0,3.62,440,109.6,37.0,115.0
REGIME_D_SEVERE_HALT,191,20,5.0,SAFETY_ONLY,0.0,0.0,0.0,0.0,0,0,0.0,0.0,0,487.5,100.0,115.0
REGIME_D_SEVERE_HALT,191,20,5.0,SAFETY_CAPACITY,0.0,0.0,0.0,0.0,0,0,0.0,0.0,0,487.5,100.0,115.0
REGIME_D_SEVERE_HALT,191,20,5.0,SAFETY_CAPACITY_QUEUE,0.0,0.0,0.0,0.0,0,0,0.0,0.0,0,487.5,100.0,115.0
REGIME_D_SEVERE_HALT,191,20,5.0,FOG_ORCHESTRATOR,0.0,0.0,0.0,0.0,0,0,0.0,0.0,0,487.5,100.0,65.0
REGIME_D_SEVERE_HALT,191,20,5.0,CHANCE_MPC,0.0,0.0,0.0,0.0,0,0,0.0,0.0,0,487.5,100.0,65.0
REGIME_D_SEVERE_HALT,193,20,5.0,STOP_ALL,0.0,0.0,0.0,0.0,0,0,0.0,0.0,0,487.5,100.0,115.0
REGIME_D_SEVERE_HALT,193,20,5.0,NO_INTELLIGENCE,3294.0,549.0,0.0,0.0,7558,7558,8.0,3.62,440,109.6,37.0,115.0
REGIME_D_SEVERE_HALT,193,20,5.0,SAFETY_ONLY,0.0,0.0,0.0,0.0,0,0,0.0,0.0,0,487.5,100.0,115.0
REGIME_D_SEVERE_HALT,193,20,5.0,SAFETY_CAPACITY,0.0,0.0,0.0,0.0,0,0,0.0,0.0,0,487.5,100.0,115.0
REGIME_D_SEVERE_HALT,193,20,5.0,SAFETY_CAPACITY_QUEUE,0.0,0.0,0.0,0.0,0,0,0.0,0.0,0,487.5,100.0,115.0
REGIME_D_SEVERE_HALT,193,20,5.0,FOG_ORCHESTRATOR,0.0,0.0,0.0,0.0,0,0,0.0,0.0,0,487.5,100.0,65.0
REGIME_D_SEVERE_HALT,193,20,5.0,CHANCE_MPC,0.0,0.0,0.0,0.0,0,0,0.0,0.0,0,487.5,100.0,65.0
REGIME_D_SEVERE_HALT,197,20,5.0,STOP_ALL,0.0,0.0,0.0,0.0,0,0,0.0,0.0,0,487.5,100.0,115.0
REGIME_D_SEVERE_HALT,197,20,5.0,NO_INTELLIGENCE,3294.0,549.0,0.0,0.0,7558,7558,8.0,3.62,440,109.6,37.0,115.0
REGIME_D_SEVERE_HALT,197,20,5.0,SAFETY_ONLY,0.0,0.0,0.0,0.0,0,0,0.0,0.0,0,487.5,100.0,115.0
REGIME_D_SEVERE_HALT,197,20,5.0,SAFETY_CAPACITY,0.0,0.0,0.0,0.0,0,0,0.0,0.0,0,487.5,100.0,115.0
REGIME_D_SEVERE_HALT,197,20,5.0,SAFETY_CAPACITY_QUEUE,0.0,0.0,0.0,0.0,0,0,0.0,0.0,0,487.5,100.0,115.0
REGIME_D_SEVERE_HALT,197,20,5.0,FOG_ORCHESTRATOR,0.0,0.0,0.0,0.0,0,0,0.0,0.0,0,487.5,100.0,65.0
REGIME_D_SEVERE_HALT,197,20,5.0,CHANCE_MPC,0.0,0.0,0.0,0.0,0,0,0.0,0.0,0,487.5,100.0,65.0
