production_tonnes,throughput_vph,safety_violations,speed_violations,clamped_commands,average_queue,peak_queue,average_speed_mps,travel_time_s,waiting_time_s,idle_pct,holds_count,seed,level_id,level_name
0.0,0.0,0,0,0,0.0,0.0,0.0,4000.0,300.0,100.0,0,100,LEVEL_-1,STOP_ALL
274.5,36.0,2096,2096,0,0.0,0.0,7.99,250.2,43.3,14.4,0,100,LEVEL_0,NO_INTELLIGENCE
183.0,24.0,0,0,0,0.0,0.0,4.32,463.2,4.4,1.5,0,100,LEVEL_1,SAFETY_ONLY
183.0,24.0,0,0,0,0.0,0.0,4.32,463.2,4.4,1.5,0,100,LEVEL_2,SAFETY_CAPACITY
183.0,24.0,0,0,0,0.0,0.0,4.32,463.2,4.4,1.5,0,100,LEVEL_3,SAFETY_CAPACITY_QUEUE
183.0,24.0,0,0,68,0.0,0.0,4.29,466.6,3.0,1.0,231,100,LEVEL_4,FOG_ORCHESTRATOR
183.0,24.0,0,0,42,0.0,0.0,3.03,660.8,0.4,0.1,0,100,LEVEL_5,CHANCE_MPC
0.0,0.0,0,0,0,0.0,0.0,0.0,4000.0,300.0,100.0,0,101,LEVEL_-1,STOP_ALL
274.5,36.0,2096,2096,0,0.0,0.0,7.99,250.2,43.3,14.4,0,101,LEVEL_0,NO_INTELLIGENCE
183.0,24.0,0,0,0,0.0,0.0,4.32,463.2,4.4,1.5,0,101,LEVEL_1,SAFETY_ONLY
183.0,24.0,0,0,0,0.0,0.0,4.32,463.2,4.4,1.5,0,101,LEVEL_2,SAFETY_CAPACITY
183.0,24.0,0,0,0,0.0,0.0,4.32,463.2,4.4,1.5,0,101,LEVEL_3,SAFETY_CAPACITY_QUEUE
183.0,24.0,0,0,68,0.0,0.0,4.29,466.6,3.0,1.0,231,101,LEVEL_4,FOG_ORCHESTRATOR
183.0,24.0,0,0,42,0.0,0.0,3.03,660.8,0.4,0.1,0,101,LEVEL_5,CHANCE_MPC
0.0,0.0,0,0,0,0.0,0.0,0.0,4000.0,300.0,100.0,0,102,LEVEL_-1,STOP_ALL
274.5,36.0,2096,2096,0,0.0,0.0,7.99,250.2,43.3,14.4,0,102,LEVEL_0,NO_INTELLIGENCE
183.0,24.0,0,0,0,0.0,0.0,4.32,463.2,4.4,1.5,0,102,LEVEL_1,SAFETY_ONLY
183.0,24.0,0,0,0,0.0,0.0,4.32,463.2,4.4,1.5,0,102,LEVEL_2,SAFETY_CAPACITY
183.0,24.0,0,0,0,0.0,0.0,4.32,463.2,4.4,1.5,0,102,LEVEL_3,SAFETY_CAPACITY_QUEUE
183.0,24.0,0,0,68,0.0,0.0,4.29,466.6,3.0,1.0,231,102,LEVEL_4,FOG_ORCHESTRATOR
183.0,24.0,0,0,42,0.0,0.0,3.03,660.8,0.4,0.1,0,102,LEVEL_5,CHANCE_MPC
0.0,0.0,0,0,0,0.0,0.0,0.0,4000.0,300.0,100.0,0,103,LEVEL_-1,STOP_ALL
274.5,36.0,2096,2096,0,0.0,0.0,7.99,250.2,43.3,14.4,0,103,LEVEL_0,NO_INTELLIGENCE
183.0,24.0,0,0,0,0.0,0.0,4.32,463.2,4.4,1.5,0,103,LEVEL_1,SAFETY_ONLY
183.0,24.0,0,0,0,0.0,0.0,4.32,463.2,4.4,1.5,0,103,LEVEL_2,SAFETY_CAPACITY
183.0,24.0,0,0,0,0.0,0.0,4.32,463.2,4.4,1.5,0,103,LEVEL_3,SAFETY_CAPACITY_QUEUE
183.0,24.0,0,0,68,0.0,0.0,4.29,466.6,3.0,1.0,231,103,LEVEL_4,FOG_ORCHESTRATOR
183.0,24.0,0,0,42,0.0,0.0,3.03,660.8,0.4,0.1,0,103,LEVEL_5,CHANCE_MPC
0.0,0.0,0,0,0,0.0,0.0,0.0,4000.0,300.0,100.0,0,104,LEVEL_-1,STOP_ALL
274.5,36.0,2096,2096,0,0.0,0.0,7.99,250.2,43.3,14.4,0,104,LEVEL_0,NO_INTELLIGENCE
183.0,24.0,0,0,0,0.0,0.0,4.32,463.2,4.4,1.5,0,104,LEVEL_1,SAFETY_ONLY
183.0,24.0,0,0,0,0.0,0.0,4.32,463.2,4.4,1.5,0,104,LEVEL_2,SAFETY_CAPACITY
183.0,24.0,0,0,0,0.0,0.0,4.32,463.2,4.4,1.5,0,104,LEVEL_3,SAFETY_CAPACITY_QUEUE
183.0,24.0,0,0,68,0.0,0.0,4.29,466.6,3.0,1.0,231,104,LEVEL_4,FOG_ORCHESTRATOR
183.0,24.0,0,0,42,0.0,0.0,3.03,660.8,0.4,0.1,0,104,LEVEL_5,CHANCE_MPC
0.0,0.0,0,0,0,0.0,0.0,0.0,4000.0,300.0,100.0,0,105,LEVEL_-1,STOP_ALL
274.5,36.0,2096,2096,0,0.0,0.0,7.99,250.2,43.3,14.4,0,105,LEVEL_0,NO_INTELLIGENCE
183.0,24.0,0,0,0,0.0,0.0,4.32,463.2,4.4,1.5,0,105,LEVEL_1,SAFETY_ONLY
183.0,24.0,0,0,0,0.0,0.0,4.32,463.2,4.4,1.5,0,105,LEVEL_2,SAFETY_CAPACITY
183.0,24.0,0,0,0,0.0,0.0,4.32,463.2,4.4,1.5,0,105,LEVEL_3,SAFETY_CAPACITY_QUEUE
183.0,24.0,0,0,68,0.0,0.0,4.29,466.6,3.0,1.0,231,105,LEVEL_4,FOG_ORCHESTRATOR
183.0,24.0,0,0,42,0.0,0.0,3.03,660.8,0.4,0.1,0,105,LEVEL_5,CHANCE_MPC
0.0,0.0,0,0,0,0.0,0.0,0.0,4000.0,300.0,100.0,0,106,LEVEL_-1,STOP_ALL
274.5,36.0,2096,2096,0,0.0,0.0,7.99,250.2,43.3,14.4,0,106,LEVEL_0,NO_INTELLIGENCE
183.0,24.0,0,0,0,0.0,0.0,4.32,463.2,4.4,1.5,0,106,LEVEL_1,SAFETY_ONLY
183.0,24.0,0,0,0,0.0,0.0,4.32,463.2,4.4,1.5,0,106,LEVEL_2,SAFETY_CAPACITY
183.0,24.0,0,0,0,0.0,0.0,4.32,463.2,4.4,1.5,0,106,LEVEL_3,SAFETY_CAPACITY_QUEUE
183.0,24.0,0,0,68,0.0,0.0,4.29,466.6,3.0,1.0,231,106,LEVEL_4,FOG_ORCHESTRATOR
183.0,24.0,0,0,42,0.0,0.0,3.03,660.8,0.4,0.1,0,106,LEVEL_5,CHANCE_MPC
0.0,0.0,0,0,0,0.0,0.0,0.0,4000.0,300.0,100.0,0,107,LEVEL_-1,STOP_ALL
274.5,36.0,2096,2096,0,0.0,0.0,7.99,250.2,43.3,14.4,0,107,LEVEL_0,NO_INTELLIGENCE
183.0,24.0,0,0,0,0.0,0.0,4.32,463.2,4.4,1.5,0,107,LEVEL_1,SAFETY_ONLY
183.0,24.0,0,0,0,0.0,0.0,4.32,463.2,4.4,1.5,0,107,LEVEL_2,SAFETY_CAPACITY
183.0,24.0,0,0,0,0.0,0.0,4.32,463.2,4.4,1.5,0,107,LEVEL_3,SAFETY_CAPACITY_QUEUE
183.0,24.0,0,0,68,0.0,0.0,4.29,466.6,3.0,1.0,231,107,LEVEL_4,FOG_ORCHESTRATOR
183.0,24.0,0,0,42,0.0,0.0,3.03,660.8,0.4,0.1,0,107,LEVEL_5,CHANCE_MPC
0.0,0.0,0,0,0,0.0,0.0,0.0,4000.0,300.0,100.0,0,108,LEVEL_-1,STOP_ALL
274.5,36.0,2096,2096,0,0.0,0.0,7.99,250.2,43.3,14.4,0,108,LEVEL_0,NO_INTELLIGENCE
183.0,24.0,0,0,0,0.0,0.0,4.32,463.2,4.4,1.5,0,108,LEVEL_1,SAFETY_ONLY
183.0,24.0,0,0,0,0.0,0.0,4.32,463.2,4.4,1.5,0,108,LEVEL_2,SAFETY_CAPACITY
183.0,24.0,0,0,0,0.0,0.0,4.32,463.2,4.4,1.5,0,108,LEVEL_3,SAFETY_CAPACITY_QUEUE
183.0,24.0,0,0,68,0.0,0.0,4.29,466.6,3.0,1.0,231,108,LEVEL_4,FOG_ORCHESTRATOR
183.0,24.0,0,0,42,0.0,0.0,3.03,660.8,0.4,0.1,0,108,LEVEL_5,CHANCE_MPC
0.0,0.0,0,0,0,0.0,0.0,0.0,4000.0,300.0,100.0,0,109,LEVEL_-1,STOP_ALL
274.5,36.0,2096,2096,0,0.0,0.0,7.99,250.2,43.3,14.4,0,109,LEVEL_0,NO_INTELLIGENCE
183.0,24.0,0,0,0,0.0,0.0,4.32,463.2,4.4,1.5,0,109,LEVEL_1,SAFETY_ONLY
183.0,24.0,0,0,0,0.0,0.0,4.32,463.2,4.4,1.5,0,109,LEVEL_2,SAFETY_CAPACITY
183.0,24.0,0,0,0,0.0,0.0,4.32,463.2,4.4,1.5,0,109,LEVEL_3,SAFETY_CAPACITY_QUEUE
183.0,24.0,0,0,68,0.0,0.0,4.29,466.6,3.0,1.0,231,109,LEVEL_4,FOG_ORCHESTRATOR
183.0,24.0,0,0,42,0.0,0.0,3.03,660.8,0.4,0.1,0,109,LEVEL_5,CHANCE_MPC
0.0,0.0,0,0,0,0.0,0.0,0.0,4000.0,300.0,100.0,0,110,LEVEL_-1,STOP_ALL
274.5,36.0,2096,2096,0,0.0,0.0,7.99,250.2,43.3,14.4,0,110,LEVEL_0,NO_INTELLIGENCE
183.0,24.0,0,0,0,0.0,0.0,4.32,463.2,4.4,1.5,0,110,LEVEL_1,SAFETY_ONLY
183.0,24.0,0,0,0,0.0,0.0,4.32,463.2,4.4,1.5,0,110,LEVEL_2,SAFETY_CAPACITY
183.0,24.0,0,0,0,0.0,0.0,4.32,463.2,4.4,1.5,0,110,LEVEL_3,SAFETY_CAPACITY_QUEUE
183.0,24.0,0,0,68,0.0,0.0,4.29,466.6,3.0,1.0,231,110,LEVEL_4,FOG_ORCHESTRATOR
183.0,24.0,0,0,42,0.0,0.0,3.03,660.8,0.4,0.1,0,110,LEVEL_5,CHANCE_MPC
0.0,0.0,0,0,0,0.0,0.0,0.0,4000.0,300.0,100.0,0,111,LEVEL_-1,STOP_ALL
274.5,36.0,2096,2096,0,0.0,0.0,7.99,250.2,43.3,14.4,0,111,LEVEL_0,NO_INTELLIGENCE
183.0,24.0,0,0,0,0.0,0.0,4.32,463.2,4.4,1.5,0,111,LEVEL_1,SAFETY_ONLY
183.0,24.0,0,0,0,0.0,0.0,4.32,463.2,4.4,1.5,0,111,LEVEL_2,SAFETY_CAPACITY
183.0,24.0,0,0,0,0.0,0.0,4.32,463.2,4.4,1.5,0,111,LEVEL_3,SAFETY_CAPACITY_QUEUE
183.0,24.0,0,0,68,0.0,0.0,4.29,466.6,3.0,1.0,231,111,LEVEL_4,FOG_ORCHESTRATOR
183.0,24.0,0,0,42,0.0,0.0,3.03,660.8,0.4,0.1,0,111,LEVEL_5,CHANCE_MPC
0.0,0.0,0,0,0,0.0,0.0,0.0,4000.0,300.0,100.0,0,112,LEVEL_-1,STOP_ALL
274.5,36.0,2096,2096,0,0.0,0.0,7.99,250.2,43.3,14.4,0,112,LEVEL_0,NO_INTELLIGENCE
183.0,24.0,0,0,0,0.0,0.0,4.32,463.2,4.4,1.5,0,112,LEVEL_1,SAFETY_ONLY
183.0,24.0,0,0,0,0.0,0.0,4.32,463.2,4.4,1.5,0,112,LEVEL_2,SAFETY_CAPACITY
183.0,24.0,0,0,0,0.0,0.0,4.32,463.2,4.4,1.5,0,112,LEVEL_3,SAFETY_CAPACITY_QUEUE
183.0,24.0,0,0,68,0.0,0.0,4.29,466.6,3.0,1.0,231,112,LEVEL_4,FOG_ORCHESTRATOR
183.0,24.0,0,0,42,0.0,0.0,3.03,660.8,0.4,0.1,0,112,LEVEL_5,CHANCE_MPC
0.0,0.0,0,0,0,0.0,0.0,0.0,4000.0,300.0,100.0,0,113,LEVEL_-1,STOP_ALL
274.5,36.0,2096,2096,0,0.0,0.0,7.99,250.2,43.3,14.4,0,113,LEVEL_0,NO_INTELLIGENCE
183.0,24.0,0,0,0,0.0,0.0,4.32,463.2,4.4,1.5,0,113,LEVEL_1,SAFETY_ONLY
183.0,24.0,0,0,0,0.0,0.0,4.32,463.2,4.4,1.5,0,113,LEVEL_2,SAFETY_CAPACITY
183.0,24.0,0,0,0,0.0,0.0,4.32,463.2,4.4,1.5,0,113,LEVEL_3,SAFETY_CAPACITY_QUEUE
183.0,24.0,0,0,68,0.0,0.0,4.29,466.6,3.0,1.0,231,113,LEVEL_4,FOG_ORCHESTRATOR
183.0,24.0,0,0,42,0.0,0.0,3.03,660.8,0.4,0.1,0,113,LEVEL_5,CHANCE_MPC
0.0,0.0,0,0,0,0.0,0.0,0.0,4000.0,300.0,100.0,0,114,LEVEL_-1,STOP_ALL
274.5,36.0,2096,2096,0,0.0,0.0,7.99,250.2,43.3,14.4,0,114,LEVEL_0,NO_INTELLIGENCE
183.0,24.0,0,0,0,0.0,0.0,4.32,463.2,4.4,1.5,0,114,LEVEL_1,SAFETY_ONLY
183.0,24.0,0,0,0,0.0,0.0,4.32,463.2,4.4,1.5,0,114,LEVEL_2,SAFETY_CAPACITY
183.0,24.0,0,0,0,0.0,0.0,4.32,463.2,4.4,1.5,0,114,LEVEL_3,SAFETY_CAPACITY_QUEUE
183.0,24.0,0,0,68,0.0,0.0,4.29,466.6,3.0,1.0,231,114,LEVEL_4,FOG_ORCHESTRATOR
183.0,24.0,0,0,42,0.0,0.0,3.03,660.8,0.4,0.1,0,114,LEVEL_5,CHANCE_MPC
0.0,0.0,0,0,0,0.0,0.0,0.0,4000.0,300.0,100.0,0,115,LEVEL_-1,STOP_ALL
274.5,36.0,2096,2096,0,0.0,0.0,7.99,250.2,43.3,14.4,0,115,LEVEL_0,NO_INTELLIGENCE
183.0,24.0,0,0,0,0.0,0.0,4.32,463.2,4.4,1.5,0,115,LEVEL_1,SAFETY_ONLY
183.0,24.0,0,0,0,0.0,0.0,4.32,463.2,4.4,1.5,0,115,LEVEL_2,SAFETY_CAPACITY
183.0,24.0,0,0,0,0.0,0.0,4.32,463.2,4.4,1.5,0,115,LEVEL_3,SAFETY_CAPACITY_QUEUE
183.0,24.0,0,0,68,0.0,0.0,4.29,466.6,3.0,1.0,231,115,LEVEL_4,FOG_ORCHESTRATOR
183.0,24.0,0,0,42,0.0,0.0,3.03,660.8,0.4,0.1,0,115,LEVEL_5,CHANCE_MPC
0.0,0.0,0,0,0,0.0,0.0,0.0,4000.0,300.0,100.0,0,116,LEVEL_-1,STOP_ALL
274.5,36.0,2096,2096,0,0.0,0.0,7.99,250.2,43.3,14.4,0,116,LEVEL_0,NO_INTELLIGENCE
183.0,24.0,0,0,0,0.0,0.0,4.32,463.2,4.4,1.5,0,116,LEVEL_1,SAFETY_ONLY
183.0,24.0,0,0,0,0.0,0.0,4.32,463.2,4.4,1.5,0,116,LEVEL_2,SAFETY_CAPACITY
183.0,24.0,0,0,0,0.0,0.0,4.32,463.2,4.4,1.5,0,116,LEVEL_3,SAFETY_CAPACITY_QUEUE
183.0,24.0,0,0,68,0.0,0.0,4.29,466.6,3.0,1.0,231,116,LEVEL_4,FOG_ORCHESTRATOR
183.0,24.0,0,0,42,0.0,0.0,3.03,660.8,0.4,0.1,0,116,LEVEL_5,CHANCE_MPC
0.0,0.0,0,0,0,0.0,0.0,0.0,4000.0,300.0,100.0,0,117,LEVEL_-1,STOP_ALL
274.5,36.0,2096,2096,0,0.0,0.0,7.99,250.2,43.3,14.4,0,117,LEVEL_0,NO_INTELLIGENCE
183.0,24.0,0,0,0,0.0,0.0,4.32,463.2,4.4,1.5,0,117,LEVEL_1,SAFETY_ONLY
183.0,24.0,0,0,0,0.0,0.0,4.32,463.2,4.4,1.5,0,117,LEVEL_2,SAFETY_CAPACITY
183.0,24.0,0,0,0,0.0,0.0,4.32,463.2,4.4,1.5,0,117,LEVEL_3,SAFETY_CAPACITY_QUEUE
183.0,24.0,0,0,68,0.0,0.0,4.29,466.6,3.0,1.0,231,117,LEVEL_4,FOG_ORCHESTRATOR
183.0,24.0,0,0,42,0.0,0.0,3.03,660.8,0.4,0.1,0,117,LEVEL_5,CHANCE_MPC
0.0,0.0,0,0,0,0.0,0.0,0.0,4000.0,300.0,100.0,0,118,LEVEL_-1,STOP_ALL
274.5,36.0,2096,2096,0,0.0,0.0,7.99,250.2,43.3,14.4,0,118,LEVEL_0,NO_INTELLIGENCE
183.0,24.0,0,0,0,0.0,0.0,4.32,463.2,4.4,1.5,0,118,LEVEL_1,SAFETY_ONLY
183.0,24.0,0,0,0,0.0,0.0,4.32,463.2,4.4,1.5,0,118,LEVEL_2,SAFETY_CAPACITY
183.0,24.0,0,0,0,0.0,0.0,4.32,463.2,4.4,1.5,0,118,LEVEL_3,SAFETY_CAPACITY_QUEUE
183.0,24.0,0,0,68,0.0,0.0,4.29,466.6,3.0,1.0,231,118,LEVEL_4,FOG_ORCHESTRATOR
183.0,24.0,0,0,42,0.0,0.0,3.03,660.8,0.4,0.1,0,118,LEVEL_5,CHANCE_MPC
0.0,0.0,0,0,0,0.0,0.0,0.0,4000.0,300.0,100.0,0,119,LEVEL_-1,STOP_ALL
274.5,36.0,2096,2096,0,0.0,0.0,7.99,250.2,43.3,14.4,0,119,LEVEL_0,NO_INTELLIGENCE
183.0,24.0,0,0,0,0.0,0.0,4.32,463.2,4.4,1.5,0,119,LEVEL_1,SAFETY_ONLY
183.0,24.0,0,0,0,0.0,0.0,4.32,463.2,4.4,1.5,0,119,LEVEL_2,SAFETY_CAPACITY
183.0,24.0,0,0,0,0.0,0.0,4.32,463.2,4.4,1.5,0,119,LEVEL_3,SAFETY_CAPACITY_QUEUE
183.0,24.0,0,0,68,0.0,0.0,4.29,466.6,3.0,1.0,231,119,LEVEL_4,FOG_ORCHESTRATOR
183.0,24.0,0,0,42,0.0,0.0,3.03,660.8,0.4,0.1,0,119,LEVEL_5,CHANCE_MPC
